"artist_name","artist_id","album_id","album_type","album_release_date","album_release_year","album_release_date_precision","danceability","energy","key","loudness","mode","speechiness","acousticness","instrumentalness","liveness","valence","tempo","track_id","analysis_url","time_signature","disc_number","duration_ms","explicit","track_href","is_local","track_name","track_preview_url","track_number","type","track_uri","external_urls.spotify","album_name","key_name","mode_name","key_mode","genre"
"Juice WRLD","4MCBfE4596Uoi2O4DtmEMz","6n9DKpOxwifT5hOXtgLZSL","album","2020-07-10",2020,"day",0.307,0.528,11,-11.337,0,0.108,0.972,0.00056,0.222,0.58,174.795,"02XcRGWPkvomFvzTamEKHg","https://api.spotify.com/v1/audio-analysis/02XcRGWPkvomFvzTamEKHg",4,1,70394,TRUE,"https://api.spotify.com/v1/tracks/02XcRGWPkvomFvzTamEKHg",FALSE,"Anxiety - Intro",NA,1,"track","spotify:track:02XcRGWPkvomFvzTamEKHg","https://open.spotify.com/track/02XcRGWPkvomFvzTamEKHg","Legends Never Die","B","minor","B minor","rap"
"Juice WRLD","4MCBfE4596Uoi2O4DtmEMz","6n9DKpOxwifT5hOXtgLZSL","album","2020-07-10",2020,"day",0.747,0.622,11,-5.825,1,0.0838,0.176,0,0.151,0.57,159.93,"4K06PO78fW4mnBVenxGNob","https://api.spotify.com/v1/audio-analysis/4K06PO78fW4mnBVenxGNob",4,1,181661,TRUE,"https://api.spotify.com/v1/tracks/4K06PO78fW4mnBVenxGNob",FALSE,"Conversations",NA,2,"track","spotify:track:4K06PO78fW4mnBVenxGNob","https://open.spotify.com/track/4K06PO78fW4mnBVenxGNob","Legends Never Die","B","major","B major","rap"
"Juice WRLD","4MCBfE4596Uoi2O4DtmEMz","6n9DKpOxwifT5hOXtgLZSL","album","2020-07-10",2020,"day",0.567,0.545,1,-6.668,0,0.0448,0.168,0,0.112,0.234,174.146,"1YM6c2sxbf2Jacl9IFgn4I","https://api.spotify.com/v1/audio-analysis/1YM6c2sxbf2Jacl9IFgn4I",4,1,176649,TRUE,"https://api.spotify.com/v1/tracks/1YM6c2sxbf2Jacl9IFgn4I",FALSE,"Titanic",NA,3,"track","spotify:track:1YM6c2sxbf2Jacl9IFgn4I","https://open.spotify.com/track/1YM6c2sxbf2Jacl9IFgn4I","Legends Never Die","C#","minor","C# minor","rap"
"Juice WRLD","4MCBfE4596Uoi2O4DtmEMz","6n9DKpOxwifT5hOXtgLZSL","album","2020-07-10",2020,"day",0.654,0.452,7,-6.36,1,0.0439,0.17,0,0.114,0.532,138.034,"7d94IqWX2UmSKMGUYSGFJG","https://api.spotify.com/v1/audio-analysis/7d94IqWX2UmSKMGUYSGFJG",4,1,186749,TRUE,"https://api.spotify.com/v1/tracks/7d94IqWX2UmSKMGUYSGFJG",FALSE,"Bad Energy",NA,4,"track","spotify:track:7d94IqWX2UmSKMGUYSGFJG","https://open.spotify.com/track/7d94IqWX2UmSKMGUYSGFJG","Legends Never Die","G","major","G major","rap"
"Juice WRLD","4MCBfE4596Uoi2O4DtmEMz","6n9DKpOxwifT5hOXtgLZSL","album","2020-07-10",2020,"day",0.706,0.625,0,-7.426,1,0.0314,0.0417,0,0.129,0.225,142.948,"5dOxHHMOFAbG3VH23t0xNm","https://api.spotify.com/v1/audio-analysis/5dOxHHMOFAbG3VH23t0xNm",4,1,242180,TRUE,"https://api.spotify.com/v1/tracks/5dOxHHMOFAbG3VH23t0xNm",FALSE,"Righteous",NA,5,"track","spotify:track:5dOxHHMOFAbG3VH23t0xNm","https://open.spotify.com/track/5dOxHHMOFAbG3VH23t0xNm","Legends Never Die","C","major","C major","rap"
"Juice WRLD","4MCBfE4596Uoi2O4DtmEMz","6n9DKpOxwifT5hOXtgLZSL","album","2020-07-10",2020,"day",0.868,0.55,6,-6.417,1,0.226,0.183,0,0.109,0.464,117.943,"0fCwrjKfWxF3xQhZrYUw4T","https://api.spotify.com/v1/audio-analysis/0fCwrjKfWxF3xQhZrYUw4T",4,1,154767,TRUE,"https://api.spotify.com/v1/tracks/0fCwrjKfWxF3xQhZrYUw4T",FALSE,"Blood On My Jeans",NA,6,"track","spotify:track:0fCwrjKfWxF3xQhZrYUw4T","https://open.spotify.com/track/0fCwrjKfWxF3xQhZrYUw4T","Legends Never Die","F#","major","F# major","rap"
"Juice WRLD","4MCBfE4596Uoi2O4DtmEMz","6n9DKpOxwifT5hOXtgLZSL","album","2020-07-10",2020,"day",0.694,0.685,6,-6.535,0,0.133,0.224,0,0.124,0.306,158.831,"6wQlQrTY5mVS8EGaFZVwVF","https://api.spotify.com/v1/audio-analysis/6wQlQrTY5mVS8EGaFZVwVF",4,1,196180,TRUE,"https://api.spotify.com/v1/tracks/6wQlQrTY5mVS8EGaFZVwVF",FALSE,"Smile (with The Weeknd)",NA,7,"track","spotify:track:6wQlQrTY5mVS8EGaFZVwVF","https://open.spotify.com/track/6wQlQrTY5mVS8EGaFZVwVF","Legends Never Die","F#","minor","F# minor","rap"
"Juice WRLD","4MCBfE4596Uoi2O4DtmEMz","6n9DKpOxwifT5hOXtgLZSL","album","2020-07-10",2020,"day",0.66,0.76,2,-5.726,1,0.0787,0.291,0,0.632,0.394,127.984,"5JAYDuLRkODlVt6dgoalKk","https://api.spotify.com/v1/audio-analysis/5JAYDuLRkODlVt6dgoalKk",4,1,180129,TRUE,"https://api.spotify.com/v1/tracks/5JAYDuLRkODlVt6dgoalKk",FALSE,"Tell Me U Luv Me (with Trippie Redd)",NA,8,"track","spotify:track:5JAYDuLRkODlVt6dgoalKk","https://open.spotify.com/track/5JAYDuLRkODlVt6dgoalKk","Legends Never Die","D","major","D major","rap"
"Juice WRLD","4MCBfE4596Uoi2O4DtmEMz","6n9DKpOxwifT5hOXtgLZSL","album","2020-07-10",2020,"day",0.701,0.65,6,-6.313,1,0.104,0.291,0,0.112,0.647,90.003,"0ada5XsQGLPUVbmTCkAP49","https://api.spotify.com/v1/audio-analysis/0ada5XsQGLPUVbmTCkAP49",4,1,160212,TRUE,"https://api.spotify.com/v1/tracks/0ada5XsQGLPUVbmTCkAP49",FALSE,"Hate The Other Side (with Marshmello & The Kid Laroi)",NA,9,"track","spotify:track:0ada5XsQGLPUVbmTCkAP49","https://open.spotify.com/track/0ada5XsQGLPUVbmTCkAP49","Legends Never Die","F#","major","F# major","rap"
"Juice WRLD","4MCBfE4596Uoi2O4DtmEMz","6n9DKpOxwifT5hOXtgLZSL","album","2020-07-10",2020,"day",0.348,0.231,0,-16.23,1,0.045,0.918,0.857,0.159,0.2,89.098,"2wg81gBz6PZSwbZrXObeW4","https://api.spotify.com/v1/audio-analysis/2wg81gBz6PZSwbZrXObeW4",1,1,20929,TRUE,"https://api.spotify.com/v1/tracks/2wg81gBz6PZSwbZrXObeW4",FALSE,"Get Through It - Interlude",NA,10,"track","spotify:track:2wg81gBz6PZSwbZrXObeW4","https://open.spotify.com/track/2wg81gBz6PZSwbZrXObeW4","Legends Never Die","C","major","C major","rap"
"Juice WRLD","4MCBfE4596Uoi2O4DtmEMz","6n9DKpOxwifT5hOXtgLZSL","album","2020-07-10",2020,"day",0.63,0.446,1,-8.9,1,0.0351,0.337,0,0.166,0.177,143.078,"5wWAwzGp2OaaoIkwcz6wZs","https://api.spotify.com/v1/audio-analysis/5wWAwzGp2OaaoIkwcz6wZs",4,1,202193,TRUE,"https://api.spotify.com/v1/tracks/5wWAwzGp2OaaoIkwcz6wZs",FALSE,"Life's A Mess (feat. Halsey)",NA,11,"track","spotify:track:5wWAwzGp2OaaoIkwcz6wZs","https://open.spotify.com/track/5wWAwzGp2OaaoIkwcz6wZs","Legends Never Die","C#","major","C# major","rap"
"Juice WRLD","4MCBfE4596Uoi2O4DtmEMz","6n9DKpOxwifT5hOXtgLZSL","album","2020-07-10",2020,"day",0.625,0.814,0,-5.181,1,0.0657,0.0172,0,0.158,0.535,144.991,"2Y0wPrPQBrGhoLn14xRYCG","https://api.spotify.com/v1/audio-analysis/2Y0wPrPQBrGhoLn14xRYCG",4,1,205484,TRUE,"https://api.spotify.com/v1/tracks/2Y0wPrPQBrGhoLn14xRYCG",FALSE,"Come & Go (with Marshmello)",NA,12,"track","spotify:track:2Y0wPrPQBrGhoLn14xRYCG","https://open.spotify.com/track/2Y0wPrPQBrGhoLn14xRYCG","Legends Never Die","C","major","C major","rap"
"Juice WRLD","4MCBfE4596Uoi2O4DtmEMz","6n9DKpOxwifT5hOXtgLZSL","album","2020-07-10",2020,"day",0.288,0.638,4,-6.935,0,0.0779,0.133,8.16e-05,0.14,0.147,66.424,"2SVx3uds6jTWALFxevIWMA","https://api.spotify.com/v1/audio-analysis/2SVx3uds6jTWALFxevIWMA",3,1,173113,TRUE,"https://api.spotify.com/v1/tracks/2SVx3uds6jTWALFxevIWMA",FALSE,"I Want It",NA,13,"track","spotify:track:2SVx3uds6jTWALFxevIWMA","https://open.spotify.com/track/2SVx3uds6jTWALFxevIWMA","Legends Never Die","E","minor","E minor","rap"
"Juice WRLD","4MCBfE4596Uoi2O4DtmEMz","6n9DKpOxwifT5hOXtgLZSL","album","2020-07-10",2020,"day",0.707,0.67,7,-6.328,0,0.257,0.0813,0,0.098,0.235,163.099,"0440JCJyIAmINA8KcYgFb5","https://api.spotify.com/v1/audio-analysis/0440JCJyIAmINA8KcYgFb5",4,1,200628,TRUE,"https://api.spotify.com/v1/tracks/0440JCJyIAmINA8KcYgFb5",FALSE,"Fighting Demons",NA,14,"track","spotify:track:0440JCJyIAmINA8KcYgFb5","https://open.spotify.com/track/0440JCJyIAmINA8KcYgFb5","Legends Never Die","G","minor","G minor","rap"
"Juice WRLD","4MCBfE4596Uoi2O4DtmEMz","6n9DKpOxwifT5hOXtgLZSL","album","2020-07-10",2020,"day",0.65,0.613,9,-6.13,0,0.128,0.00336,0,0.267,0.0804,149.972,"2U5WueTLIK5WJLD7mvDODv","https://api.spotify.com/v1/audio-analysis/2U5WueTLIK5WJLD7mvDODv",4,1,194621,TRUE,"https://api.spotify.com/v1/tracks/2U5WueTLIK5WJLD7mvDODv",FALSE,"Wishing Well",NA,15,"track","spotify:track:2U5WueTLIK5WJLD7mvDODv","https://open.spotify.com/track/2U5WueTLIK5WJLD7mvDODv","Legends Never Die","A","minor","A minor","rap"
"Juice WRLD","4MCBfE4596Uoi2O4DtmEMz","6n9DKpOxwifT5hOXtgLZSL","album","2020-07-10",2020,"day",0.595,0.528,5,-7.371,0,0.0935,0.082,0,0.142,0.515,150.075,"4F6YLjakjqWFTgC5qfEwPQ","https://api.spotify.com/v1/audio-analysis/4F6YLjakjqWFTgC5qfEwPQ",4,1,179464,TRUE,"https://api.spotify.com/v1/tracks/4F6YLjakjqWFTgC5qfEwPQ",FALSE,"Screw Juice",NA,16,"track","spotify:track:4F6YLjakjqWFTgC5qfEwPQ","https://open.spotify.com/track/4F6YLjakjqWFTgC5qfEwPQ","Legends Never Die","F","minor","F minor","rap"
"Juice WRLD","4MCBfE4596Uoi2O4DtmEMz","6n9DKpOxwifT5hOXtgLZSL","album","2020-07-10",2020,"day",0.661,0.665,4,-6.356,0,0.053,0.538,0,0.0981,0.486,75.059,"7pbg3ABlAZv2NiIdKbBBFm","https://api.spotify.com/v1/audio-analysis/7pbg3ABlAZv2NiIdKbBBFm",4,1,147547,TRUE,"https://api.spotify.com/v1/tracks/7pbg3ABlAZv2NiIdKbBBFm",FALSE,"Up Up And Away",NA,17,"track","spotify:track:7pbg3ABlAZv2NiIdKbBBFm","https://open.spotify.com/track/7pbg3ABlAZv2NiIdKbBBFm","Legends Never Die","E","minor","E minor","rap"
"Juice WRLD","4MCBfE4596Uoi2O4DtmEMz","6n9DKpOxwifT5hOXtgLZSL","album","2020-07-10",2020,"day",0.667,0.447,2,-14.625,1,0.761,0.916,0,0.612,0.829,83.534,"4sjdZEEQvR1sXrRNSuBfbA","https://api.spotify.com/v1/audio-analysis/4sjdZEEQvR1sXrRNSuBfbA",3,1,136544,TRUE,"https://api.spotify.com/v1/tracks/4sjdZEEQvR1sXrRNSuBfbA",FALSE,"The Man, The Myth, The Legend - Interlude",NA,18,"track","spotify:track:4sjdZEEQvR1sXrRNSuBfbA","https://open.spotify.com/track/4sjdZEEQvR1sXrRNSuBfbA","Legends Never Die","D","major","D major","rap"
"Juice WRLD","4MCBfE4596Uoi2O4DtmEMz","6n9DKpOxwifT5hOXtgLZSL","album","2020-07-10",2020,"day",0.745,0.5,8,-6.184,1,0.135,0.439,0,0.0943,0.433,76.968,"21CkzgKCBCq5V4XKjiGSIj","https://api.spotify.com/v1/audio-analysis/21CkzgKCBCq5V4XKjiGSIj",4,1,168684,TRUE,"https://api.spotify.com/v1/tracks/21CkzgKCBCq5V4XKjiGSIj",FALSE,"Stay High",NA,19,"track","spotify:track:21CkzgKCBCq5V4XKjiGSIj","https://open.spotify.com/track/21CkzgKCBCq5V4XKjiGSIj","Legends Never Die","G#","major","G# major","rap"
"Juice WRLD","4MCBfE4596Uoi2O4DtmEMz","6n9DKpOxwifT5hOXtgLZSL","album","2020-07-10",2020,"day",0.652,0.671,2,-5.89,1,0.0756,0.0222,0,0.107,0.274,84.008,"4PPLJAEYBSOcnzr9TZoqf9","https://api.spotify.com/v1/audio-analysis/4PPLJAEYBSOcnzr9TZoqf9",4,1,182922,TRUE,"https://api.spotify.com/v1/tracks/4PPLJAEYBSOcnzr9TZoqf9",FALSE,"Can't Die",NA,20,"track","spotify:track:4PPLJAEYBSOcnzr9TZoqf9","https://open.spotify.com/track/4PPLJAEYBSOcnzr9TZoqf9","Legends Never Die","D","major","D major","rap"
"Juice WRLD","4MCBfE4596Uoi2O4DtmEMz","6n9DKpOxwifT5hOXtgLZSL","album","2020-07-10",2020,"day",0.621,0.695,4,-5.124,1,0.0911,0.00584,0,0.086,0.298,173.966,"7AvprzMsRJpybaalckaT8c","https://api.spotify.com/v1/audio-analysis/7AvprzMsRJpybaalckaT8c",4,1,136408,TRUE,"https://api.spotify.com/v1/tracks/7AvprzMsRJpybaalckaT8c",FALSE,"Man Of The Year",NA,21,"track","spotify:track:7AvprzMsRJpybaalckaT8c","https://open.spotify.com/track/7AvprzMsRJpybaalckaT8c","Legends Never Die","E","major","E major","rap"
"Juice WRLD","4MCBfE4596Uoi2O4DtmEMz","6n9DKpOxwifT5hOXtgLZSL","album","2020-07-10",2020,"day",0.392,0.373,0,-14.097,1,0.0968,0.991,0.0978,0.545,0.519,121.678,"1OjiYjgPZyxS0AiXiSnuYI","https://api.spotify.com/v1/audio-analysis/1OjiYjgPZyxS0AiXiSnuYI",3,1,30582,TRUE,"https://api.spotify.com/v1/tracks/1OjiYjgPZyxS0AiXiSnuYI",FALSE,"Juice WRLD Speaks From Heaven - Outro",NA,22,"track","spotify:track:1OjiYjgPZyxS0AiXiSnuYI","https://open.spotify.com/track/1OjiYjgPZyxS0AiXiSnuYI","Legends Never Die","C","major","C major","rap"
"Juice WRLD","4MCBfE4596Uoi2O4DtmEMz","3rt9CHTA1UdpNZRqEtlPbl","album","2020-07-10",2020,"day",0.403,0.528,11,-11.337,0,0.0844,0.971,0.000415,0.22,0.576,121.42,"4q6wf5raIv9pvVft6azfIs","https://api.spotify.com/v1/audio-analysis/4q6wf5raIv9pvVft6azfIs",3,1,70394,FALSE,"https://api.spotify.com/v1/tracks/4q6wf5raIv9pvVft6azfIs",FALSE,"Anxiety - Intro",NA,1,"track","spotify:track:4q6wf5raIv9pvVft6azfIs","https://open.spotify.com/track/4q6wf5raIv9pvVft6azfIs","Legends Never Die","B","minor","B minor","rap"
"Juice WRLD","4MCBfE4596Uoi2O4DtmEMz","3rt9CHTA1UdpNZRqEtlPbl","album","2020-07-10",2020,"day",0.759,0.599,11,-5.896,1,0.0838,0.121,0,0.158,0.599,80,"1MLSRLPweLKIHAu8z2516l","https://api.spotify.com/v1/audio-analysis/1MLSRLPweLKIHAu8z2516l",4,1,181661,FALSE,"https://api.spotify.com/v1/tracks/1MLSRLPweLKIHAu8z2516l",FALSE,"Conversations",NA,2,"track","spotify:track:1MLSRLPweLKIHAu8z2516l","https://open.spotify.com/track/1MLSRLPweLKIHAu8z2516l","Legends Never Die","B","major","B major","rap"
"Juice WRLD","4MCBfE4596Uoi2O4DtmEMz","3rt9CHTA1UdpNZRqEtlPbl","album","2020-07-10",2020,"day",0.656,0.527,1,-6.701,0,0.0372,0.173,0,0.112,0.178,87.004,"2vUfwJRyYqtJfrZx6KjJGE","https://api.spotify.com/v1/audio-analysis/2vUfwJRyYqtJfrZx6KjJGE",4,1,176667,FALSE,"https://api.spotify.com/v1/tracks/2vUfwJRyYqtJfrZx6KjJGE",FALSE,"Titanic",NA,3,"track","spotify:track:2vUfwJRyYqtJfrZx6KjJGE","https://open.spotify.com/track/2vUfwJRyYqtJfrZx6KjJGE","Legends Never Die","C#","minor","C# minor","rap"
"Juice WRLD","4MCBfE4596Uoi2O4DtmEMz","3rt9CHTA1UdpNZRqEtlPbl","album","2020-07-10",2020,"day",0.651,0.465,7,-6.343,1,0.0489,0.18,0,0.15,0.509,138.035,"10UWuqhHA3BHk8tINOur6i","https://api.spotify.com/v1/audio-analysis/10UWuqhHA3BHk8tINOur6i",4,1,186777,FALSE,"https://api.spotify.com/v1/tracks/10UWuqhHA3BHk8tINOur6i",FALSE,"Bad Energy",NA,4,"track","spotify:track:10UWuqhHA3BHk8tINOur6i","https://open.spotify.com/track/10UWuqhHA3BHk8tINOur6i","Legends Never Die","G","major","G major","rap"
"Juice WRLD","4MCBfE4596Uoi2O4DtmEMz","3rt9CHTA1UdpNZRqEtlPbl","album","2020-07-10",2020,"day",0.708,0.618,0,-7.394,1,0.0327,0.044,0,0.124,0.226,142.944,"1ZQrlcEOG8iAYXCXCDp2Cd","https://api.spotify.com/v1/audio-analysis/1ZQrlcEOG8iAYXCXCDp2Cd",4,1,242198,FALSE,"https://api.spotify.com/v1/tracks/1ZQrlcEOG8iAYXCXCDp2Cd",FALSE,"Righteous",NA,5,"track","spotify:track:1ZQrlcEOG8iAYXCXCDp2Cd","https://open.spotify.com/track/1ZQrlcEOG8iAYXCXCDp2Cd","Legends Never Die","C","major","C major","rap"
"Juice WRLD","4MCBfE4596Uoi2O4DtmEMz","3rt9CHTA1UdpNZRqEtlPbl","album","2020-07-10",2020,"day",0.851,0.564,11,-6.483,1,0.24,0.198,0,0.107,0.484,117.933,"6X4tZr1V4Pz78cfmDkX8ED","https://api.spotify.com/v1/audio-analysis/6X4tZr1V4Pz78cfmDkX8ED",4,1,154793,FALSE,"https://api.spotify.com/v1/tracks/6X4tZr1V4Pz78cfmDkX8ED",FALSE,"Blood On My Jeans",NA,6,"track","spotify:track:6X4tZr1V4Pz78cfmDkX8ED","https://open.spotify.com/track/6X4tZr1V4Pz78cfmDkX8ED","Legends Never Die","B","major","B major","rap"
"Juice WRLD","4MCBfE4596Uoi2O4DtmEMz","3rt9CHTA1UdpNZRqEtlPbl","album","2020-07-10",2020,"day",0.694,0.671,6,-7.149,0,0.134,0.225,0,0.145,0.27,158.864,"3IISoPvg72c0dUeb0TIRMA","https://api.spotify.com/v1/audio-analysis/3IISoPvg72c0dUeb0TIRMA",4,1,196180,FALSE,"https://api.spotify.com/v1/tracks/3IISoPvg72c0dUeb0TIRMA",FALSE,"Smile (with The Weeknd)",NA,7,"track","spotify:track:3IISoPvg72c0dUeb0TIRMA","https://open.spotify.com/track/3IISoPvg72c0dUeb0TIRMA","Legends Never Die","F#","minor","F# minor","rap"
"Juice WRLD","4MCBfE4596Uoi2O4DtmEMz","3rt9CHTA1UdpNZRqEtlPbl","album","2020-07-10",2020,"day",0.545,0.702,2,-7.816,1,0.141,0.269,0,0.74,0.346,128.105,"7BxcssbIY37KhmxYOOOwj5","https://api.spotify.com/v1/audio-analysis/7BxcssbIY37KhmxYOOOwj5",4,1,180132,FALSE,"https://api.spotify.com/v1/tracks/7BxcssbIY37KhmxYOOOwj5",FALSE,"Tell Me U Luv Me (with Trippie Redd)",NA,8,"track","spotify:track:7BxcssbIY37KhmxYOOOwj5","https://open.spotify.com/track/7BxcssbIY37KhmxYOOOwj5","Legends Never Die","D","major","D major","rap"
"Juice WRLD","4MCBfE4596Uoi2O4DtmEMz","3rt9CHTA1UdpNZRqEtlPbl","album","2020-07-10",2020,"day",0.7,0.649,6,-6.278,1,0.112,0.264,0,0.113,0.64,89.978,"5gFA7M6wUYlKC7SIkh3tke","https://api.spotify.com/v1/audio-analysis/5gFA7M6wUYlKC7SIkh3tke",4,1,160232,FALSE,"https://api.spotify.com/v1/tracks/5gFA7M6wUYlKC7SIkh3tke",FALSE,"Hate The Other Side (with Marshmello & The Kid Laroi)",NA,9,"track","spotify:track:5gFA7M6wUYlKC7SIkh3tke","https://open.spotify.com/track/5gFA7M6wUYlKC7SIkh3tke","Legends Never Die","F#","major","F# major","rap"
"Juice WRLD","4MCBfE4596Uoi2O4DtmEMz","3rt9CHTA1UdpNZRqEtlPbl","album","2020-07-10",2020,"day",0.457,0.21,0,-16.403,1,0.0408,0.927,0.927,0.136,0.158,92.091,"52AH5aS3r9LTa9xImGjINq","https://api.spotify.com/v1/audio-analysis/52AH5aS3r9LTa9xImGjINq",4,1,20943,FALSE,"https://api.spotify.com/v1/tracks/52AH5aS3r9LTa9xImGjINq",FALSE,"Get Through It - Interlude",NA,10,"track","spotify:track:52AH5aS3r9LTa9xImGjINq","https://open.spotify.com/track/52AH5aS3r9LTa9xImGjINq","Legends Never Die","C","major","C major","rap"
"Juice WRLD","4MCBfE4596Uoi2O4DtmEMz","3rt9CHTA1UdpNZRqEtlPbl","album","2020-07-10",2020,"day",0.632,0.445,1,-8.932,1,0.0359,0.324,0,0.17,0.18,143.112,"7uzbUoTJP9WHzKSA2eCgFF","https://api.spotify.com/v1/audio-analysis/7uzbUoTJP9WHzKSA2eCgFF",4,1,202217,FALSE,"https://api.spotify.com/v1/tracks/7uzbUoTJP9WHzKSA2eCgFF",FALSE,"Life's A Mess (feat. Halsey)",NA,11,"track","spotify:track:7uzbUoTJP9WHzKSA2eCgFF","https://open.spotify.com/track/7uzbUoTJP9WHzKSA2eCgFF","Legends Never Die","C#","major","C# major","rap"
"Juice WRLD","4MCBfE4596Uoi2O4DtmEMz","3rt9CHTA1UdpNZRqEtlPbl","album","2020-07-10",2020,"day",0.623,0.822,0,-5.195,1,0.0678,0.0184,0,0.136,0.603,144.992,"70oaUm5n7hjmf2cofdgIH2","https://api.spotify.com/v1/audio-analysis/70oaUm5n7hjmf2cofdgIH2",4,1,205498,FALSE,"https://api.spotify.com/v1/tracks/70oaUm5n7hjmf2cofdgIH2",FALSE,"Come & Go (with Marshmello)",NA,12,"track","spotify:track:70oaUm5n7hjmf2cofdgIH2","https://open.spotify.com/track/70oaUm5n7hjmf2cofdgIH2","Legends Never Die","C","major","C major","rap"
"Juice WRLD","4MCBfE4596Uoi2O4DtmEMz","3rt9CHTA1UdpNZRqEtlPbl","album","2020-07-10",2020,"day",0.43,0.64,2,-7.012,1,0.0555,0.13,0.000277,0.177,0.0982,79.655,"4xsXRUXdX6Lq0OGSwhz1Qi","https://api.spotify.com/v1/audio-analysis/4xsXRUXdX6Lq0OGSwhz1Qi",4,1,173137,FALSE,"https://api.spotify.com/v1/tracks/4xsXRUXdX6Lq0OGSwhz1Qi",FALSE,"I Want It",NA,13,"track","spotify:track:4xsXRUXdX6Lq0OGSwhz1Qi","https://open.spotify.com/track/4xsXRUXdX6Lq0OGSwhz1Qi","Legends Never Die","D","major","D major","rap"
"Juice WRLD","4MCBfE4596Uoi2O4DtmEMz","3rt9CHTA1UdpNZRqEtlPbl","album","2020-07-10",2020,"day",0.726,0.665,7,-6.293,0,0.28,0.072,0,0.108,0.202,81.471,"7FWgihovmHyF7fUvFRcURD","https://api.spotify.com/v1/audio-analysis/7FWgihovmHyF7fUvFRcURD",4,1,200462,FALSE,"https://api.spotify.com/v1/tracks/7FWgihovmHyF7fUvFRcURD",FALSE,"Fighting Demons",NA,14,"track","spotify:track:7FWgihovmHyF7fUvFRcURD","https://open.spotify.com/track/7FWgihovmHyF7fUvFRcURD","Legends Never Die","G","minor","G minor","rap"
"Juice WRLD","4MCBfE4596Uoi2O4DtmEMz","3rt9CHTA1UdpNZRqEtlPbl","album","2020-07-10",2020,"day",0.637,0.632,9,-6.1,0,0.131,0.00251,0,0.252,0.0993,75.002,"3LWRAN3ypYNmWLYayyxKuv","https://api.spotify.com/v1/audio-analysis/3LWRAN3ypYNmWLYayyxKuv",4,1,194653,FALSE,"https://api.spotify.com/v1/tracks/3LWRAN3ypYNmWLYayyxKuv",FALSE,"Wishing Well",NA,15,"track","spotify:track:3LWRAN3ypYNmWLYayyxKuv","https://open.spotify.com/track/3LWRAN3ypYNmWLYayyxKuv","Legends Never Die","A","minor","A minor","rap"
"Juice WRLD","4MCBfE4596Uoi2O4DtmEMz","3rt9CHTA1UdpNZRqEtlPbl","album","2020-07-10",2020,"day",0.596,0.513,5,-7.384,0,0.102,0.096,0,0.143,0.443,150.087,"3bQDsVCMhVSQY1a8Yjigcp","https://api.spotify.com/v1/audio-analysis/3bQDsVCMhVSQY1a8Yjigcp",4,1,179470,FALSE,"https://api.spotify.com/v1/tracks/3bQDsVCMhVSQY1a8Yjigcp",FALSE,"Screw Juice",NA,16,"track","spotify:track:3bQDsVCMhVSQY1a8Yjigcp","https://open.spotify.com/track/3bQDsVCMhVSQY1a8Yjigcp","Legends Never Die","F","minor","F minor","rap"
"Juice WRLD","4MCBfE4596Uoi2O4DtmEMz","3rt9CHTA1UdpNZRqEtlPbl","album","2020-07-10",2020,"day",0.664,0.661,4,-6.545,0,0.0421,0.502,0,0.101,0.514,75.031,"08pnjbB1JA9Lmqggn29umH","https://api.spotify.com/v1/audio-analysis/08pnjbB1JA9Lmqggn29umH",4,1,147575,FALSE,"https://api.spotify.com/v1/tracks/08pnjbB1JA9Lmqggn29umH",FALSE,"Up Up And Away",NA,17,"track","spotify:track:08pnjbB1JA9Lmqggn29umH","https://open.spotify.com/track/08pnjbB1JA9Lmqggn29umH","Legends Never Die","E","minor","E minor","rap"
"Juice WRLD","4MCBfE4596Uoi2O4DtmEMz","3rt9CHTA1UdpNZRqEtlPbl","album","2020-07-10",2020,"day",0.633,0.437,11,-14.709,0,0.882,0.929,0,0.63,0.816,110.764,"2KseYwBUIhQkvP3e5T0AVQ","https://api.spotify.com/v1/audio-analysis/2KseYwBUIhQkvP3e5T0AVQ",4,1,136546,FALSE,"https://api.spotify.com/v1/tracks/2KseYwBUIhQkvP3e5T0AVQ",FALSE,"The Man, The Myth, The Legend - Interlude",NA,18,"track","spotify:track:2KseYwBUIhQkvP3e5T0AVQ","https://open.spotify.com/track/2KseYwBUIhQkvP3e5T0AVQ","Legends Never Die","B","minor","B minor","rap"
"Juice WRLD","4MCBfE4596Uoi2O4DtmEMz","3rt9CHTA1UdpNZRqEtlPbl","album","2020-07-10",2020,"day",0.749,0.478,8,-6.107,1,0.163,0.419,0,0.0938,0.485,76.987,"5l5M8rM9XZ10wYHIPwpV0G","https://api.spotify.com/v1/audio-analysis/5l5M8rM9XZ10wYHIPwpV0G",4,1,168705,FALSE,"https://api.spotify.com/v1/tracks/5l5M8rM9XZ10wYHIPwpV0G",FALSE,"Stay High",NA,19,"track","spotify:track:5l5M8rM9XZ10wYHIPwpV0G","https://open.spotify.com/track/5l5M8rM9XZ10wYHIPwpV0G","Legends Never Die","G#","major","G# major","rap"
"Juice WRLD","4MCBfE4596Uoi2O4DtmEMz","3rt9CHTA1UdpNZRqEtlPbl","album","2020-07-10",2020,"day",0.658,0.669,2,-5.882,1,0.0733,0.0155,0,0.107,0.224,84.002,"0xtsUpeBCQ9AzqAGh85mih","https://api.spotify.com/v1/audio-analysis/0xtsUpeBCQ9AzqAGh85mih",4,1,182950,FALSE,"https://api.spotify.com/v1/tracks/0xtsUpeBCQ9AzqAGh85mih",FALSE,"Can't Die",NA,20,"track","spotify:track:0xtsUpeBCQ9AzqAGh85mih","https://open.spotify.com/track/0xtsUpeBCQ9AzqAGh85mih","Legends Never Die","D","major","D major","rap"
"Juice WRLD","4MCBfE4596Uoi2O4DtmEMz","3rt9CHTA1UdpNZRqEtlPbl","album","2020-07-10",2020,"day",0.62,0.682,4,-5.149,1,0.0954,0.00765,0,0.0767,0.35,174.011,"3WTJ7kUca5X01CIlh4ORRA","https://api.spotify.com/v1/audio-analysis/3WTJ7kUca5X01CIlh4ORRA",4,1,136410,FALSE,"https://api.spotify.com/v1/tracks/3WTJ7kUca5X01CIlh4ORRA",FALSE,"Man Of The Year",NA,21,"track","spotify:track:3WTJ7kUca5X01CIlh4ORRA","https://open.spotify.com/track/3WTJ7kUca5X01CIlh4ORRA","Legends Never Die","E","major","E major","rap"
"Juice WRLD","4MCBfE4596Uoi2O4DtmEMz","3rt9CHTA1UdpNZRqEtlPbl","album","2020-07-10",2020,"day",0,0.363,9,-13.937,0,0,0.989,0.0546,0.549,0,0,"6kXzm3uZ0Fg9hlltlY0N16","https://api.spotify.com/v1/audio-analysis/6kXzm3uZ0Fg9hlltlY0N16",0,1,30596,FALSE,"https://api.spotify.com/v1/tracks/6kXzm3uZ0Fg9hlltlY0N16",FALSE,"Juice WRLD Speaks From Heaven - Outro",NA,22,"track","spotify:track:6kXzm3uZ0Fg9hlltlY0N16","https://open.spotify.com/track/6kXzm3uZ0Fg9hlltlY0N16","Legends Never Die","A","minor","A minor","rap"
"Juice WRLD","4MCBfE4596Uoi2O4DtmEMz","1GYVNOzwhx1nMcIJDogSNp","album","2019-03-08",2019,"day",0.745,0.561,0,-4.869,1,0.0807,0.0758,0,0.133,0.449,77.557,"41MCdlvXOl62B7Kv86Bb1v","https://api.spotify.com/v1/audio-analysis/41MCdlvXOl62B7Kv86Bb1v",4,1,248431,TRUE,"https://api.spotify.com/v1/tracks/41MCdlvXOl62B7Kv86Bb1v",FALSE,"Empty",NA,1,"track","spotify:track:41MCdlvXOl62B7Kv86Bb1v","https://open.spotify.com/track/41MCdlvXOl62B7Kv86Bb1v","Death Race For Love","C","major","C major","rap"
"Juice WRLD","4MCBfE4596Uoi2O4DtmEMz","1GYVNOzwhx1nMcIJDogSNp","album","2019-03-08",2019,"day",0.674,0.726,11,-3.813,0,0.141,0.126,1.56e-06,0.115,0.443,160.067,"4mUIe9gfsdtsVP2zFIl74x","https://api.spotify.com/v1/audio-analysis/4mUIe9gfsdtsVP2zFIl74x",4,1,144090,TRUE,"https://api.spotify.com/v1/tracks/4mUIe9gfsdtsVP2zFIl74x",FALSE,"Maze",NA,2,"track","spotify:track:4mUIe9gfsdtsVP2zFIl74x","https://open.spotify.com/track/4mUIe9gfsdtsVP2zFIl74x","Death Race For Love","B","minor","B minor","rap"
"Juice WRLD","4MCBfE4596Uoi2O4DtmEMz","1GYVNOzwhx1nMcIJDogSNp","album","2019-03-08",2019,"day",0.561,0.76,2,-7.194,1,0.264,0.667,0,0.106,0.317,163.938,"6phY2gnvf9WwCiXlLMQOY3","https://api.spotify.com/v1/audio-analysis/6phY2gnvf9WwCiXlLMQOY3",4,1,187211,TRUE,"https://api.spotify.com/v1/tracks/6phY2gnvf9WwCiXlLMQOY3",FALSE,"HeMotions",NA,3,"track","spotify:track:6phY2gnvf9WwCiXlLMQOY3","https://open.spotify.com/track/6phY2gnvf9WwCiXlLMQOY3","Death Race For Love","D","major","D major","rap"
"Juice WRLD","4MCBfE4596Uoi2O4DtmEMz","1GYVNOzwhx1nMcIJDogSNp","album","2019-03-08",2019,"day",0.502,0.309,6,-11.389,1,0.0601,0.268,0.279,0.127,0.18,169.522,"5ZOEulH7fvK4ZkMLTOyKL0","https://api.spotify.com/v1/audio-analysis/5ZOEulH7fvK4ZkMLTOyKL0",1,1,95266,TRUE,"https://api.spotify.com/v1/tracks/5ZOEulH7fvK4ZkMLTOyKL0",FALSE,"Demonz (feat. Brent Faiyaz) - Interlude",NA,4,"track","spotify:track:5ZOEulH7fvK4ZkMLTOyKL0","https://open.spotify.com/track/5ZOEulH7fvK4ZkMLTOyKL0","Death Race For Love","F#","major","F# major","rap"
"Juice WRLD","4MCBfE4596Uoi2O4DtmEMz","1GYVNOzwhx1nMcIJDogSNp","album","2019-03-08",2019,"day",0.623,0.608,1,-5.937,0,0.0434,0.426,0,0.105,0.263,84.98,"6MjNilJCVKJq0LfFvo5jWJ","https://api.spotify.com/v1/audio-analysis/6MjNilJCVKJq0LfFvo5jWJ",4,1,208517,TRUE,"https://api.spotify.com/v1/tracks/6MjNilJCVKJq0LfFvo5jWJ",FALSE,"Fast",NA,5,"track","spotify:track:6MjNilJCVKJq0LfFvo5jWJ","https://open.spotify.com/track/6MjNilJCVKJq0LfFvo5jWJ","Death Race For Love","C#","minor","C# minor","rap"
"Juice WRLD","4MCBfE4596Uoi2O4DtmEMz","1GYVNOzwhx1nMcIJDogSNp","album","2019-03-08",2019,"day",0.699,0.687,7,-3.997,0,0.106,0.308,3.63e-05,0.121,0.499,88.932,"13ZyrkCDmRz5xY3seuAWYk","https://api.spotify.com/v1/audio-analysis/13ZyrkCDmRz5xY3seuAWYk",4,1,189977,TRUE,"https://api.spotify.com/v1/tracks/13ZyrkCDmRz5xY3seuAWYk",FALSE,"Hear Me Calling",NA,6,"track","spotify:track:13ZyrkCDmRz5xY3seuAWYk","https://open.spotify.com/track/13ZyrkCDmRz5xY3seuAWYk","Death Race For Love","G","minor","G minor","rap"
"Juice WRLD","4MCBfE4596Uoi2O4DtmEMz","1GYVNOzwhx1nMcIJDogSNp","album","2019-03-08",2019,"day",0.768,0.641,11,-6.197,0,0.114,0.0628,0,0.0912,0.231,144.963,"4rWC4tiO4NCwRHdh6vyu6b","https://api.spotify.com/v1/audio-analysis/4rWC4tiO4NCwRHdh6vyu6b",4,1,224063,TRUE,"https://api.spotify.com/v1/tracks/4rWC4tiO4NCwRHdh6vyu6b",FALSE,"Big",NA,7,"track","spotify:track:4rWC4tiO4NCwRHdh6vyu6b","https://open.spotify.com/track/4rWC4tiO4NCwRHdh6vyu6b","Death Race For Love","B","minor","B minor","rap"
"Juice WRLD","4MCBfE4596Uoi2O4DtmEMz","1GYVNOzwhx1nMcIJDogSNp","album","2019-03-08",2019,"day",0.685,0.692,2,-5.122,1,0.0457,0.328,0,0.153,0.578,159.966,"6Hj9jySrnFppAI0sEMCZpJ","https://api.spotify.com/v1/audio-analysis/6Hj9jySrnFppAI0sEMCZpJ",5,1,240050,TRUE,"https://api.spotify.com/v1/tracks/6Hj9jySrnFppAI0sEMCZpJ",FALSE,"Robbery",NA,8,"track","spotify:track:6Hj9jySrnFppAI0sEMCZpJ","https://open.spotify.com/track/6Hj9jySrnFppAI0sEMCZpJ","Death Race For Love","D","major","D major","rap"
"Juice WRLD","4MCBfE4596Uoi2O4DtmEMz","1GYVNOzwhx1nMcIJDogSNp","album","2019-03-08",2019,"day",0.709,0.662,8,-4.55,1,0.0766,0.00966,0,0.108,0.439,150.046,"2BSbCCbaSCzkOEZa6N5901","https://api.spotify.com/v1/audio-analysis/2BSbCCbaSCzkOEZa6N5901",4,1,218348,TRUE,"https://api.spotify.com/v1/tracks/2BSbCCbaSCzkOEZa6N5901",FALSE,"Flaws And Sins",NA,9,"track","spotify:track:2BSbCCbaSCzkOEZa6N5901","https://open.spotify.com/track/2BSbCCbaSCzkOEZa6N5901","Death Race For Love","G#","major","G# major","rap"
"Juice WRLD","4MCBfE4596Uoi2O4DtmEMz","1GYVNOzwhx1nMcIJDogSNp","album","2019-03-08",2019,"day",0.712,0.515,10,-6.004,0,0.0857,0.234,0,0.205,0.563,160,"2Jh3UqxnHJMyzMzku4uOtE","https://api.spotify.com/v1/audio-analysis/2Jh3UqxnHJMyzMzku4uOtE",4,1,201920,TRUE,"https://api.spotify.com/v1/tracks/2Jh3UqxnHJMyzMzku4uOtE",FALSE,"Feeling",NA,10,"track","spotify:track:2Jh3UqxnHJMyzMzku4uOtE","https://open.spotify.com/track/2Jh3UqxnHJMyzMzku4uOtE","Death Race For Love","A#","minor","A# minor","rap"
"Juice WRLD","4MCBfE4596Uoi2O4DtmEMz","1GYVNOzwhx1nMcIJDogSNp","album","2019-03-08",2019,"day",0.782,0.659,1,-3.103,1,0.248,0.0696,0,0.168,0.336,148.03,"4dOmgE4ULbySxpeGObN8RL","https://api.spotify.com/v1/audio-analysis/4dOmgE4ULbySxpeGObN8RL",4,1,131761,TRUE,"https://api.spotify.com/v1/tracks/4dOmgE4ULbySxpeGObN8RL",FALSE,"Syphilis",NA,11,"track","spotify:track:4dOmgE4ULbySxpeGObN8RL","https://open.spotify.com/track/4dOmgE4ULbySxpeGObN8RL","Death Race For Love","C#","major","C# major","rap"
"Juice WRLD","4MCBfE4596Uoi2O4DtmEMz","1GYVNOzwhx1nMcIJDogSNp","album","2019-03-08",2019,"day",0.758,0.932,3,-2.809,1,0.0372,0.0558,0,0.097,0.592,125.993,"06LFFPPS7MylCZXps3cO4m","https://api.spotify.com/v1/audio-analysis/06LFFPPS7MylCZXps3cO4m",4,1,214245,TRUE,"https://api.spotify.com/v1/tracks/06LFFPPS7MylCZXps3cO4m",FALSE,"Who Shot Cupid?",NA,12,"track","spotify:track:06LFFPPS7MylCZXps3cO4m","https://open.spotify.com/track/06LFFPPS7MylCZXps3cO4m","Death Race For Love","D#","major","D# major","rap"
"Juice WRLD","4MCBfE4596Uoi2O4DtmEMz","1GYVNOzwhx1nMcIJDogSNp","album","2019-03-08",2019,"day",0.581,0.673,0,-4.421,0,0.0549,0.0768,0,0.4,0.621,160.073,"4zxpssj8DyrfZcEUSUiNxG","https://api.spotify.com/v1/audio-analysis/4zxpssj8DyrfZcEUSUiNxG",4,1,171816,TRUE,"https://api.spotify.com/v1/tracks/4zxpssj8DyrfZcEUSUiNxG",FALSE,"Ring Ring (with Rvssian feat. Clever)",NA,13,"track","spotify:track:4zxpssj8DyrfZcEUSUiNxG","https://open.spotify.com/track/4zxpssj8DyrfZcEUSUiNxG","Death Race For Love","C","minor","C minor","rap"
"Juice WRLD","4MCBfE4596Uoi2O4DtmEMz","1GYVNOzwhx1nMcIJDogSNp","album","2019-03-08",2019,"day",0.597,0.767,1,-4.713,0,0.0481,0.106,0,0.107,0.205,148.009,"15LOSQ3z91ZB2wMiMhiCjZ","https://api.spotify.com/v1/audio-analysis/15LOSQ3z91ZB2wMiMhiCjZ",4,1,189812,TRUE,"https://api.spotify.com/v1/tracks/15LOSQ3z91ZB2wMiMhiCjZ",FALSE,"Desire",NA,14,"track","spotify:track:15LOSQ3z91ZB2wMiMhiCjZ","https://open.spotify.com/track/15LOSQ3z91ZB2wMiMhiCjZ","Death Race For Love","C#","minor","C# minor","rap"
"Juice WRLD","4MCBfE4596Uoi2O4DtmEMz","1GYVNOzwhx1nMcIJDogSNp","album","2019-03-08",2019,"day",0.664,0.832,10,-3.166,0,0.34,0.107,0,0.776,0.498,164.144,"0baYVkFX4vIXXmIuHRWXDN","https://api.spotify.com/v1/audio-analysis/0baYVkFX4vIXXmIuHRWXDN",4,1,156620,TRUE,"https://api.spotify.com/v1/tracks/0baYVkFX4vIXXmIuHRWXDN",FALSE,"Out My Way",NA,15,"track","spotify:track:0baYVkFX4vIXXmIuHRWXDN","https://open.spotify.com/track/0baYVkFX4vIXXmIuHRWXDN","Death Race For Love","A#","minor","A# minor","rap"
"Juice WRLD","4MCBfE4596Uoi2O4DtmEMz","1GYVNOzwhx1nMcIJDogSNp","album","2019-03-08",2019,"day",0.427,0.724,0,-4.751,1,0.0844,0.125,0,0.749,0.289,140.029,"6LkawpJyy0TZJ6Z41gMVyy","https://api.spotify.com/v1/audio-analysis/6LkawpJyy0TZJ6Z41gMVyy",4,1,325809,TRUE,"https://api.spotify.com/v1/tracks/6LkawpJyy0TZJ6Z41gMVyy",FALSE,"The Bees Knees",NA,16,"track","spotify:track:6LkawpJyy0TZJ6Z41gMVyy","https://open.spotify.com/track/6LkawpJyy0TZJ6Z41gMVyy","Death Race For Love","C","major","C major","rap"
"Juice WRLD","4MCBfE4596Uoi2O4DtmEMz","1GYVNOzwhx1nMcIJDogSNp","album","2019-03-08",2019,"day",0.797,0.722,5,-6.23,0,0.0601,0.0925,0,0.112,0.338,145.99,"572BChNcXOIvtfn2TGmTKc","https://api.spotify.com/v1/audio-analysis/572BChNcXOIvtfn2TGmTKc",4,1,250271,TRUE,"https://api.spotify.com/v1/tracks/572BChNcXOIvtfn2TGmTKc",FALSE,"ON GOD (feat. Young Thug)",NA,17,"track","spotify:track:572BChNcXOIvtfn2TGmTKc","https://open.spotify.com/track/572BChNcXOIvtfn2TGmTKc","Death Race For Love","F","minor","F minor","rap"
"Juice WRLD","4MCBfE4596Uoi2O4DtmEMz","1GYVNOzwhx1nMcIJDogSNp","album","2019-03-08",2019,"day",0.678,0.681,6,-7.698,0,0.183,0.466,0.000657,0.263,0.525,104.014,"4Z9cAwlkruSbWblPBthygg","https://api.spotify.com/v1/audio-analysis/4Z9cAwlkruSbWblPBthygg",4,1,212311,TRUE,"https://api.spotify.com/v1/tracks/4Z9cAwlkruSbWblPBthygg",FALSE,"10 Feet",NA,18,"track","spotify:track:4Z9cAwlkruSbWblPBthygg","https://open.spotify.com/track/4Z9cAwlkruSbWblPBthygg","Death Race For Love","F#","minor","F# minor","rap"
"Juice WRLD","4MCBfE4596Uoi2O4DtmEMz","1GYVNOzwhx1nMcIJDogSNp","album","2019-03-08",2019,"day",0.617,0.791,7,-4.292,1,0.0519,0.0563,0,0.233,0.653,150.061,"4yoQbSPoj8H3O8M3EKvC74","https://api.spotify.com/v1/audio-analysis/4yoQbSPoj8H3O8M3EKvC74",4,1,200136,TRUE,"https://api.spotify.com/v1/tracks/4yoQbSPoj8H3O8M3EKvC74",FALSE,"Won’t Let Go",NA,19,"track","spotify:track:4yoQbSPoj8H3O8M3EKvC74","https://open.spotify.com/track/4yoQbSPoj8H3O8M3EKvC74","Death Race For Love","G","major","G major","rap"
"Juice WRLD","4MCBfE4596Uoi2O4DtmEMz","1GYVNOzwhx1nMcIJDogSNp","album","2019-03-08",2019,"day",0.621,0.804,6,-5.502,0,0.225,0.308,0,0.297,0.396,155.984,"3zM2prB16NRn1zggh1KCY0","https://api.spotify.com/v1/audio-analysis/3zM2prB16NRn1zggh1KCY0",4,1,188837,TRUE,"https://api.spotify.com/v1/tracks/3zM2prB16NRn1zggh1KCY0",FALSE,"She’s The One",NA,20,"track","spotify:track:3zM2prB16NRn1zggh1KCY0","https://open.spotify.com/track/3zM2prB16NRn1zggh1KCY0","Death Race For Love","F#","minor","F# minor","rap"
"Juice WRLD","4MCBfE4596Uoi2O4DtmEMz","1GYVNOzwhx1nMcIJDogSNp","album","2019-03-08",2019,"day",0.583,0.815,7,-4.257,1,0.0365,0.214,0,0.413,0.451,140.031,"3usM520kfIRpWNaYOwdnYI","https://api.spotify.com/v1/audio-analysis/3usM520kfIRpWNaYOwdnYI",4,1,192093,TRUE,"https://api.spotify.com/v1/tracks/3usM520kfIRpWNaYOwdnYI",FALSE,"Rider",NA,21,"track","spotify:track:3usM520kfIRpWNaYOwdnYI","https://open.spotify.com/track/3usM520kfIRpWNaYOwdnYI","Death Race For Love","G","major","G major","rap"
"Juice WRLD","4MCBfE4596Uoi2O4DtmEMz","1GYVNOzwhx1nMcIJDogSNp","album","2019-03-08",2019,"day",0.465,0.84,0,-4.35,1,0.0722,0.125,0,0.138,0.672,83.981,"6eiztdXRkooWsBt2xToMWI","https://api.spotify.com/v1/audio-analysis/6eiztdXRkooWsBt2xToMWI",4,1,142025,TRUE,"https://api.spotify.com/v1/tracks/6eiztdXRkooWsBt2xToMWI",FALSE,"Make Believe",NA,22,"track","spotify:track:6eiztdXRkooWsBt2xToMWI","https://open.spotify.com/track/6eiztdXRkooWsBt2xToMWI","Death Race For Love","C","major","C major","rap"
"Juice WRLD","4MCBfE4596Uoi2O4DtmEMz","6XjQzQnap7YKNU7J15HFdI","album","2019-03-08",2019,"day",0.722,0.561,9,-4.895,0,0.0672,0.0656,0,0.133,0.447,154.963,"0asXblQxI7xlb6zvnwYthO","https://api.spotify.com/v1/audio-analysis/0asXblQxI7xlb6zvnwYthO",4,1,248431,FALSE,"https://api.spotify.com/v1/tracks/0asXblQxI7xlb6zvnwYthO",FALSE,"Empty",NA,1,"track","spotify:track:0asXblQxI7xlb6zvnwYthO","https://open.spotify.com/track/0asXblQxI7xlb6zvnwYthO","Death Race For Love","A","minor","A minor","rap"
"Juice WRLD","4MCBfE4596Uoi2O4DtmEMz","6XjQzQnap7YKNU7J15HFdI","album","2019-03-08",2019,"day",0.675,0.738,11,-3.837,0,0.0864,0.173,1.89e-06,0.115,0.466,160.055,"2SwZf6w3H1Dmeyf8GmTe5Q","https://api.spotify.com/v1/audio-analysis/2SwZf6w3H1Dmeyf8GmTe5Q",4,1,144090,FALSE,"https://api.spotify.com/v1/tracks/2SwZf6w3H1Dmeyf8GmTe5Q",FALSE,"Maze",NA,2,"track","spotify:track:2SwZf6w3H1Dmeyf8GmTe5Q","https://open.spotify.com/track/2SwZf6w3H1Dmeyf8GmTe5Q","Death Race For Love","B","minor","B minor","rap"
"Juice WRLD","4MCBfE4596Uoi2O4DtmEMz","6XjQzQnap7YKNU7J15HFdI","album","2019-03-08",2019,"day",0.566,0.757,2,-7.226,1,0.225,0.686,0,0.106,0.388,163.965,"1VHRlTy0pw6Oucrp2thvcU","https://api.spotify.com/v1/audio-analysis/1VHRlTy0pw6Oucrp2thvcU",4,1,187211,FALSE,"https://api.spotify.com/v1/tracks/1VHRlTy0pw6Oucrp2thvcU",FALSE,"HeMotions",NA,3,"track","spotify:track:1VHRlTy0pw6Oucrp2thvcU","https://open.spotify.com/track/1VHRlTy0pw6Oucrp2thvcU","Death Race For Love","D","major","D major","rap"
"Juice WRLD","4MCBfE4596Uoi2O4DtmEMz","6XjQzQnap7YKNU7J15HFdI","album","2019-03-08",2019,"day",0.502,0.309,6,-11.389,1,0.0601,0.268,0.279,0.127,0.18,169.522,"1yG47ivxmUkmjXtlHdp1W4","https://api.spotify.com/v1/audio-analysis/1yG47ivxmUkmjXtlHdp1W4",1,1,95266,FALSE,"https://api.spotify.com/v1/tracks/1yG47ivxmUkmjXtlHdp1W4",FALSE,"Demonz (feat. Brent Faiyaz) - Interlude",NA,4,"track","spotify:track:1yG47ivxmUkmjXtlHdp1W4","https://open.spotify.com/track/1yG47ivxmUkmjXtlHdp1W4","Death Race For Love","F#","major","F# major","rap"
"Juice WRLD","4MCBfE4596Uoi2O4DtmEMz","6XjQzQnap7YKNU7J15HFdI","album","2019-03-08",2019,"day",0.54,0.618,1,-5.989,0,0.0745,0.424,0,0.0993,0.239,84.866,"7xOqvbOC1YtNPDWZFuSegx","https://api.spotify.com/v1/audio-analysis/7xOqvbOC1YtNPDWZFuSegx",4,1,208517,FALSE,"https://api.spotify.com/v1/tracks/7xOqvbOC1YtNPDWZFuSegx",FALSE,"Fast",NA,5,"track","spotify:track:7xOqvbOC1YtNPDWZFuSegx","https://open.spotify.com/track/7xOqvbOC1YtNPDWZFuSegx","Death Race For Love","C#","minor","C# minor","rap"
"Juice WRLD","4MCBfE4596Uoi2O4DtmEMz","6XjQzQnap7YKNU7J15HFdI","album","2019-03-08",2019,"day",0.648,0.676,10,-3.468,1,0.173,0.359,6.12e-06,0.111,0.573,177.978,"09VFNBmWmRee0lAF9G4SdA","https://api.spotify.com/v1/audio-analysis/09VFNBmWmRee0lAF9G4SdA",4,1,189977,FALSE,"https://api.spotify.com/v1/tracks/09VFNBmWmRee0lAF9G4SdA",FALSE,"Hear Me Calling",NA,6,"track","spotify:track:09VFNBmWmRee0lAF9G4SdA","https://open.spotify.com/track/09VFNBmWmRee0lAF9G4SdA","Death Race For Love","A#","major","A# major","rap"
"Juice WRLD","4MCBfE4596Uoi2O4DtmEMz","6XjQzQnap7YKNU7J15HFdI","album","2019-03-08",2019,"day",0.776,0.643,2,-6.172,1,0.0889,0.0703,0,0.0918,0.265,144.999,"4z6rjYjXCYPHAKTRicq3X3","https://api.spotify.com/v1/audio-analysis/4z6rjYjXCYPHAKTRicq3X3",4,1,224063,FALSE,"https://api.spotify.com/v1/tracks/4z6rjYjXCYPHAKTRicq3X3",FALSE,"Big",NA,7,"track","spotify:track:4z6rjYjXCYPHAKTRicq3X3","https://open.spotify.com/track/4z6rjYjXCYPHAKTRicq3X3","Death Race For Love","D","major","D major","rap"
"Juice WRLD","4MCBfE4596Uoi2O4DtmEMz","6XjQzQnap7YKNU7J15HFdI","album","2019-03-08",2019,"day",0.655,0.676,2,-5.089,1,0.0486,0.32,1.09e-06,0.15,0.568,159.905,"6qWh1LcOsSwozALQzQjQ9K","https://api.spotify.com/v1/audio-analysis/6qWh1LcOsSwozALQzQjQ9K",4,1,240050,FALSE,"https://api.spotify.com/v1/tracks/6qWh1LcOsSwozALQzQjQ9K",FALSE,"Robbery",NA,8,"track","spotify:track:6qWh1LcOsSwozALQzQjQ9K","https://open.spotify.com/track/6qWh1LcOsSwozALQzQjQ9K","Death Race For Love","D","major","D major","rap"
"Juice WRLD","4MCBfE4596Uoi2O4DtmEMz","6XjQzQnap7YKNU7J15HFdI","album","2019-03-08",2019,"day",0.707,0.687,8,-4.621,1,0.0777,0.0107,0,0.111,0.385,150.026,"5sp51w0cJguOaNLGwjfCEZ","https://api.spotify.com/v1/audio-analysis/5sp51w0cJguOaNLGwjfCEZ",4,1,218348,FALSE,"https://api.spotify.com/v1/tracks/5sp51w0cJguOaNLGwjfCEZ",FALSE,"Flaws And Sins",NA,9,"track","spotify:track:5sp51w0cJguOaNLGwjfCEZ","https://open.spotify.com/track/5sp51w0cJguOaNLGwjfCEZ","Death Race For Love","G#","major","G# major","rap"
"Juice WRLD","4MCBfE4596Uoi2O4DtmEMz","6XjQzQnap7YKNU7J15HFdI","album","2019-03-08",2019,"day",0.717,0.504,10,-5.997,0,0.0818,0.247,0,0.17,0.547,159.974,"0bW2sqAbPo5Sg8nFoI92ch","https://api.spotify.com/v1/audio-analysis/0bW2sqAbPo5Sg8nFoI92ch",4,1,201920,FALSE,"https://api.spotify.com/v1/tracks/0bW2sqAbPo5Sg8nFoI92ch",FALSE,"Feeling",NA,10,"track","spotify:track:0bW2sqAbPo5Sg8nFoI92ch","https://open.spotify.com/track/0bW2sqAbPo5Sg8nFoI92ch","Death Race For Love","A#","minor","A# minor","rap"
"Juice WRLD","4MCBfE4596Uoi2O4DtmEMz","6XjQzQnap7YKNU7J15HFdI","album","2019-03-08",2019,"day",0.771,0.664,1,-3.087,1,0.252,0.0721,0,0.164,0.344,148.061,"1gw01hTpwGSEn4KZJpGiB4","https://api.spotify.com/v1/audio-analysis/1gw01hTpwGSEn4KZJpGiB4",4,1,131761,FALSE,"https://api.spotify.com/v1/tracks/1gw01hTpwGSEn4KZJpGiB4",FALSE,"Syphilis",NA,11,"track","spotify:track:1gw01hTpwGSEn4KZJpGiB4","https://open.spotify.com/track/1gw01hTpwGSEn4KZJpGiB4","Death Race For Love","C#","major","C# major","rap"
"Juice WRLD","4MCBfE4596Uoi2O4DtmEMz","6XjQzQnap7YKNU7J15HFdI","album","2019-03-08",2019,"day",0.762,0.932,3,-2.796,1,0.0392,0.0668,0,0.0982,0.552,125.979,"3rrJuyoyWEovb7zWLeo2eR","https://api.spotify.com/v1/audio-analysis/3rrJuyoyWEovb7zWLeo2eR",4,1,214245,FALSE,"https://api.spotify.com/v1/tracks/3rrJuyoyWEovb7zWLeo2eR",FALSE,"Who Shot Cupid?",NA,12,"track","spotify:track:3rrJuyoyWEovb7zWLeo2eR","https://open.spotify.com/track/3rrJuyoyWEovb7zWLeo2eR","Death Race For Love","D#","major","D# major","rap"
"Juice WRLD","4MCBfE4596Uoi2O4DtmEMz","6XjQzQnap7YKNU7J15HFdI","album","2019-03-08",2019,"day",0.584,0.697,0,-4.55,0,0.047,0.0693,0,0.505,0.602,160.052,"5NzxtN1VxKgdddMlcfGWEc","https://api.spotify.com/v1/audio-analysis/5NzxtN1VxKgdddMlcfGWEc",4,1,171816,FALSE,"https://api.spotify.com/v1/tracks/5NzxtN1VxKgdddMlcfGWEc",FALSE,"Ring Ring (with Rvssian feat. Clever)",NA,13,"track","spotify:track:5NzxtN1VxKgdddMlcfGWEc","https://open.spotify.com/track/5NzxtN1VxKgdddMlcfGWEc","Death Race For Love","C","minor","C minor","rap"
"Juice WRLD","4MCBfE4596Uoi2O4DtmEMz","6XjQzQnap7YKNU7J15HFdI","album","2019-03-08",2019,"day",0.583,0.758,1,-4.687,0,0.0513,0.0855,0,0.106,0.258,147.999,"02w6JQpKao1w93M33MCjsi","https://api.spotify.com/v1/audio-analysis/02w6JQpKao1w93M33MCjsi",4,1,189812,FALSE,"https://api.spotify.com/v1/tracks/02w6JQpKao1w93M33MCjsi",FALSE,"Desire",NA,14,"track","spotify:track:02w6JQpKao1w93M33MCjsi","https://open.spotify.com/track/02w6JQpKao1w93M33MCjsi","Death Race For Love","C#","minor","C# minor","rap"
"Juice WRLD","4MCBfE4596Uoi2O4DtmEMz","6XjQzQnap7YKNU7J15HFdI","album","2019-03-08",2019,"day",0.733,0.814,10,-3.175,0,0.268,0.117,0,0.52,0.534,81.996,"08kRrRHCgSbAUBXFRTIGlZ","https://api.spotify.com/v1/audio-analysis/08kRrRHCgSbAUBXFRTIGlZ",4,1,156620,FALSE,"https://api.spotify.com/v1/tracks/08kRrRHCgSbAUBXFRTIGlZ",FALSE,"Out My Way",NA,15,"track","spotify:track:08kRrRHCgSbAUBXFRTIGlZ","https://open.spotify.com/track/08kRrRHCgSbAUBXFRTIGlZ","Death Race For Love","A#","minor","A# minor","rap"
"Juice WRLD","4MCBfE4596Uoi2O4DtmEMz","6XjQzQnap7YKNU7J15HFdI","album","2019-03-08",2019,"day",0.427,0.711,9,-4.799,0,0.128,0.131,0,0.673,0.278,140.061,"3qHrQEHl9cYJ2RGdiNixv3","https://api.spotify.com/v1/audio-analysis/3qHrQEHl9cYJ2RGdiNixv3",4,1,325809,FALSE,"https://api.spotify.com/v1/tracks/3qHrQEHl9cYJ2RGdiNixv3",FALSE,"The Bees Knees",NA,16,"track","spotify:track:3qHrQEHl9cYJ2RGdiNixv3","https://open.spotify.com/track/3qHrQEHl9cYJ2RGdiNixv3","Death Race For Love","A","minor","A minor","rap"
"Juice WRLD","4MCBfE4596Uoi2O4DtmEMz","6XjQzQnap7YKNU7J15HFdI","album","2019-03-08",2019,"day",0.812,0.725,5,-6.316,0,0.0579,0.0964,0,0.112,0.343,145.988,"06W85jvvHUMpny92ARrjLd","https://api.spotify.com/v1/audio-analysis/06W85jvvHUMpny92ARrjLd",4,1,250271,FALSE,"https://api.spotify.com/v1/tracks/06W85jvvHUMpny92ARrjLd",FALSE,"ON GOD (feat. Young Thug)",NA,17,"track","spotify:track:06W85jvvHUMpny92ARrjLd","https://open.spotify.com/track/06W85jvvHUMpny92ARrjLd","Death Race For Love","F","minor","F minor","rap"
"Juice WRLD","4MCBfE4596Uoi2O4DtmEMz","6XjQzQnap7YKNU7J15HFdI","album","2019-03-08",2019,"day",0.685,0.673,6,-7.711,0,0.17,0.473,0.00058,0.258,0.542,103.955,"17YYKEkkpL7pLldF7cgwBs","https://api.spotify.com/v1/audio-analysis/17YYKEkkpL7pLldF7cgwBs",4,1,212311,FALSE,"https://api.spotify.com/v1/tracks/17YYKEkkpL7pLldF7cgwBs",FALSE,"10 Feet",NA,18,"track","spotify:track:17YYKEkkpL7pLldF7cgwBs","https://open.spotify.com/track/17YYKEkkpL7pLldF7cgwBs","Death Race For Love","F#","minor","F# minor","rap"
"Juice WRLD","4MCBfE4596Uoi2O4DtmEMz","6XjQzQnap7YKNU7J15HFdI","album","2019-03-08",2019,"day",0.615,0.769,2,-4.465,1,0.0707,0.0442,0,0.235,0.615,150.044,"3ASRx3Jn9EBTxGgvJb0CMY","https://api.spotify.com/v1/audio-analysis/3ASRx3Jn9EBTxGgvJb0CMY",4,1,200136,FALSE,"https://api.spotify.com/v1/tracks/3ASRx3Jn9EBTxGgvJb0CMY",FALSE,"Won’t Let Go",NA,19,"track","spotify:track:3ASRx3Jn9EBTxGgvJb0CMY","https://open.spotify.com/track/3ASRx3Jn9EBTxGgvJb0CMY","Death Race For Love","D","major","D major","rap"
"Juice WRLD","4MCBfE4596Uoi2O4DtmEMz","6XjQzQnap7YKNU7J15HFdI","album","2019-03-08",2019,"day",0.647,0.828,11,-5.393,0,0.16,0.28,0,0.304,0.377,77.97,"5X9zYpqCGxk22hBK9xVxb3","https://api.spotify.com/v1/audio-analysis/5X9zYpqCGxk22hBK9xVxb3",4,1,188837,FALSE,"https://api.spotify.com/v1/tracks/5X9zYpqCGxk22hBK9xVxb3",FALSE,"She’s The One",NA,20,"track","spotify:track:5X9zYpqCGxk22hBK9xVxb3","https://open.spotify.com/track/5X9zYpqCGxk22hBK9xVxb3","Death Race For Love","B","minor","B minor","rap"
"Juice WRLD","4MCBfE4596Uoi2O4DtmEMz","6XjQzQnap7YKNU7J15HFdI","album","2019-03-08",2019,"day",0.584,0.826,7,-4.236,1,0.037,0.289,0,0.403,0.53,140.058,"3H4gGNYmsQngwyjNSdI80S","https://api.spotify.com/v1/audio-analysis/3H4gGNYmsQngwyjNSdI80S",4,1,192093,FALSE,"https://api.spotify.com/v1/tracks/3H4gGNYmsQngwyjNSdI80S",FALSE,"Rider",NA,21,"track","spotify:track:3H4gGNYmsQngwyjNSdI80S","https://open.spotify.com/track/3H4gGNYmsQngwyjNSdI80S","Death Race For Love","G","major","G major","rap"
"Juice WRLD","4MCBfE4596Uoi2O4DtmEMz","6XjQzQnap7YKNU7J15HFdI","album","2019-03-08",2019,"day",0.465,0.844,2,-4.329,0,0.114,0.145,0,0.134,0.651,83.98,"4jv3fPlXI7PRysgxlPqOV3","https://api.spotify.com/v1/audio-analysis/4jv3fPlXI7PRysgxlPqOV3",4,1,142025,FALSE,"https://api.spotify.com/v1/tracks/4jv3fPlXI7PRysgxlPqOV3",FALSE,"Make Believe",NA,22,"track","spotify:track:4jv3fPlXI7PRysgxlPqOV3","https://open.spotify.com/track/4jv3fPlXI7PRysgxlPqOV3","Death Race For Love","D","minor","D minor","rap"
"Juice WRLD","4MCBfE4596Uoi2O4DtmEMz","6tkjU4Umpo79wwkgPMV3nZ","album","2018-12-10",2018,"day",0.558,0.384,6,-13.644,0,0.143,0.93,6.79e-05,0.604,0.829,75.956,"7LoWAhcGbxSkT6trTqXQR6","https://api.spotify.com/v1/audio-analysis/7LoWAhcGbxSkT6trTqXQR6",4,1,74865,TRUE,"https://api.spotify.com/v1/tracks/7LoWAhcGbxSkT6trTqXQR6",FALSE,"Intro",NA,1,"track","spotify:track:7LoWAhcGbxSkT6trTqXQR6","https://open.spotify.com/track/7LoWAhcGbxSkT6trTqXQR6","Goodbye & Good Riddance","F#","minor","F# minor","rap"
"Juice WRLD","4MCBfE4596Uoi2O4DtmEMz","6tkjU4Umpo79wwkgPMV3nZ","album","2018-12-10",2018,"day",0.671,0.529,0,-7.226,1,0.307,0.0769,0.000335,0.0856,0.203,161.989,"4VXIryQMWpIdGgYR4TrjT1","https://api.spotify.com/v1/audio-analysis/4VXIryQMWpIdGgYR4TrjT1",4,1,165819,TRUE,"https://api.spotify.com/v1/tracks/4VXIryQMWpIdGgYR4TrjT1",FALSE,"All Girls Are The Same",NA,2,"track","spotify:track:4VXIryQMWpIdGgYR4TrjT1","https://open.spotify.com/track/4VXIryQMWpIdGgYR4TrjT1","Goodbye & Good Riddance","C","major","C major","rap"
"Juice WRLD","4MCBfE4596Uoi2O4DtmEMz","6tkjU4Umpo79wwkgPMV3nZ","album","2018-12-10",2018,"day",0.511,0.566,6,-7.23,0,0.2,0.349,0,0.34,0.218,83.903,"285pBltuF7vW8TeWk8hdRR","https://api.spotify.com/v1/audio-analysis/285pBltuF7vW8TeWk8hdRR",4,1,239835,TRUE,"https://api.spotify.com/v1/tracks/285pBltuF7vW8TeWk8hdRR",FALSE,"Lucid Dreams",NA,3,"track","spotify:track:285pBltuF7vW8TeWk8hdRR","https://open.spotify.com/track/285pBltuF7vW8TeWk8hdRR","Goodbye & Good Riddance","F#","minor","F# minor","rap"
"Juice WRLD","4MCBfE4596Uoi2O4DtmEMz","6tkjU4Umpo79wwkgPMV3nZ","album","2018-12-10",2018,"day",0.742,0.579,0,-5.024,1,0.202,0.0381,0,0.0952,0.502,144.994,"1a7WZZZH7LzyvorhpOJFTe","https://api.spotify.com/v1/audio-analysis/1a7WZZZH7LzyvorhpOJFTe",4,1,258475,TRUE,"https://api.spotify.com/v1/tracks/1a7WZZZH7LzyvorhpOJFTe",FALSE,"Wasted (feat. Lil Uzi Vert)",NA,4,"track","spotify:track:1a7WZZZH7LzyvorhpOJFTe","https://open.spotify.com/track/1a7WZZZH7LzyvorhpOJFTe","Goodbye & Good Riddance","C","major","C major","rap"
"Juice WRLD","4MCBfE4596Uoi2O4DtmEMz","6tkjU4Umpo79wwkgPMV3nZ","album","2018-12-10",2018,"day",0.736,0.67,10,-6.702,1,0.311,0.186,0,0.114,0.845,130.032,"5wujBwqG7INdStqGd4tRMX","https://api.spotify.com/v1/audio-analysis/5wujBwqG7INdStqGd4tRMX",4,1,169999,TRUE,"https://api.spotify.com/v1/tracks/5wujBwqG7INdStqGd4tRMX",FALSE,"Armed And Dangerous",NA,5,"track","spotify:track:5wujBwqG7INdStqGd4tRMX","https://open.spotify.com/track/5wujBwqG7INdStqGd4tRMX","Goodbye & Good Riddance","A#","major","A# major","rap"
"Juice WRLD","4MCBfE4596Uoi2O4DtmEMz","6tkjU4Umpo79wwkgPMV3nZ","album","2018-12-10",2018,"day",0.776,0.736,7,-4.612,1,0.247,0.0802,0,0.159,0.233,147.946,"1fCeXjoRExPP2qwSBh2aST","https://api.spotify.com/v1/audio-analysis/1fCeXjoRExPP2qwSBh2aST",4,1,186945,TRUE,"https://api.spotify.com/v1/tracks/1fCeXjoRExPP2qwSBh2aST",FALSE,"Black & White",NA,6,"track","spotify:track:1fCeXjoRExPP2qwSBh2aST","https://open.spotify.com/track/1fCeXjoRExPP2qwSBh2aST","Goodbye & Good Riddance","G","major","G major","rap"
"Juice WRLD","4MCBfE4596Uoi2O4DtmEMz","6tkjU4Umpo79wwkgPMV3nZ","album","2018-12-10",2018,"day",0.665,0.651,1,-5.515,1,0.156,0.0414,0,0.0896,0.237,163.935,"3oDkdAySo1VQQG0ptV7uwa","https://api.spotify.com/v1/audio-analysis/3oDkdAySo1VQQG0ptV7uwa",4,1,175755,TRUE,"https://api.spotify.com/v1/tracks/3oDkdAySo1VQQG0ptV7uwa",FALSE,"Lean Wit Me",NA,7,"track","spotify:track:3oDkdAySo1VQQG0ptV7uwa","https://open.spotify.com/track/3oDkdAySo1VQQG0ptV7uwa","Goodbye & Good Riddance","C#","major","C# major","rap"
"Juice WRLD","4MCBfE4596Uoi2O4DtmEMz","6tkjU4Umpo79wwkgPMV3nZ","album","2018-12-10",2018,"day",0.523,0.678,8,-6.071,1,0.0692,0.000616,0,0.142,0.277,159.909,"0INehbMZOFPnaPBAjK97i3","https://api.spotify.com/v1/audio-analysis/0INehbMZOFPnaPBAjK97i3",4,1,244193,TRUE,"https://api.spotify.com/v1/tracks/0INehbMZOFPnaPBAjK97i3",FALSE,"I'll Be Fine",NA,8,"track","spotify:track:0INehbMZOFPnaPBAjK97i3","https://open.spotify.com/track/0INehbMZOFPnaPBAjK97i3","Goodbye & Good Riddance","G#","major","G# major","rap"
"Juice WRLD","4MCBfE4596Uoi2O4DtmEMz","6tkjU4Umpo79wwkgPMV3nZ","album","2018-12-10",2018,"day",0.631,0.709,2,-4.666,1,0.0505,0.0963,0,0.376,0.2,84.504,"0WZFN4E8HrmGUU0EMyKQ8c","https://api.spotify.com/v1/audio-analysis/0WZFN4E8HrmGUU0EMyKQ8c",4,1,176443,TRUE,"https://api.spotify.com/v1/tracks/0WZFN4E8HrmGUU0EMyKQ8c",FALSE,"Used To",NA,9,"track","spotify:track:0WZFN4E8HrmGUU0EMyKQ8c","https://open.spotify.com/track/0WZFN4E8HrmGUU0EMyKQ8c","Goodbye & Good Riddance","D","major","D major","rap"
"Juice WRLD","4MCBfE4596Uoi2O4DtmEMz","6tkjU4Umpo79wwkgPMV3nZ","album","2018-12-10",2018,"day",0.715,0.574,7,-6.236,1,0.0817,0.373,0,0.174,0.337,157,"1wa6QQsdSE3X2GbRljGpFk","https://api.spotify.com/v1/audio-analysis/1wa6QQsdSE3X2GbRljGpFk",4,1,183703,TRUE,"https://api.spotify.com/v1/tracks/1wa6QQsdSE3X2GbRljGpFk",FALSE,"Candles",NA,10,"track","spotify:track:1wa6QQsdSE3X2GbRljGpFk","https://open.spotify.com/track/1wa6QQsdSE3X2GbRljGpFk","Goodbye & Good Riddance","G","major","G major","rap"
"Juice WRLD","4MCBfE4596Uoi2O4DtmEMz","6tkjU4Umpo79wwkgPMV3nZ","album","2018-12-10",2018,"day",0.642,0.562,11,-4.869,0,0.0812,0.032,0,0.168,0.177,158.001,"49QVOdWgGagzLrThkIqtK6","https://api.spotify.com/v1/audio-analysis/49QVOdWgGagzLrThkIqtK6",4,1,170538,TRUE,"https://api.spotify.com/v1/tracks/49QVOdWgGagzLrThkIqtK6",FALSE,"Scared Of Love",NA,11,"track","spotify:track:49QVOdWgGagzLrThkIqtK6","https://open.spotify.com/track/49QVOdWgGagzLrThkIqtK6","Goodbye & Good Riddance","B","minor","B minor","rap"
"Juice WRLD","4MCBfE4596Uoi2O4DtmEMz","6tkjU4Umpo79wwkgPMV3nZ","album","2018-12-10",2018,"day",0.62,0.451,6,-7.623,1,0.17,0.128,0,0.373,0.294,156.906,"3XRQT7EoS4U87rUuJwg5P3","https://api.spotify.com/v1/audio-analysis/3XRQT7EoS4U87rUuJwg5P3",4,1,122285,TRUE,"https://api.spotify.com/v1/tracks/3XRQT7EoS4U87rUuJwg5P3",FALSE,"Hurt Me",NA,12,"track","spotify:track:3XRQT7EoS4U87rUuJwg5P3","https://open.spotify.com/track/3XRQT7EoS4U87rUuJwg5P3","Goodbye & Good Riddance","F#","major","F# major","rap"
"Juice WRLD","4MCBfE4596Uoi2O4DtmEMz","6tkjU4Umpo79wwkgPMV3nZ","album","2018-12-10",2018,"day",0.631,0.672,11,-4.583,1,0.0347,0.0811,0,0.154,0.282,119.948,"19m3E0nMZobyA93AxMXC32","https://api.spotify.com/v1/audio-analysis/19m3E0nMZobyA93AxMXC32",4,1,192859,TRUE,"https://api.spotify.com/v1/tracks/19m3E0nMZobyA93AxMXC32",FALSE,"I'm Still",NA,13,"track","spotify:track:19m3E0nMZobyA93AxMXC32","https://open.spotify.com/track/19m3E0nMZobyA93AxMXC32","Goodbye & Good Riddance","B","major","B major","rap"
"Juice WRLD","4MCBfE4596Uoi2O4DtmEMz","6tkjU4Umpo79wwkgPMV3nZ","album","2018-12-10",2018,"day",0.373,0.717,1,-5.833,0,0.083,0.0568,0,0.114,0.293,109.977,"24BNgrtp6Fag4M5BQPEgsV","https://api.spotify.com/v1/audio-analysis/24BNgrtp6Fag4M5BQPEgsV",5,1,162981,TRUE,"https://api.spotify.com/v1/tracks/24BNgrtp6Fag4M5BQPEgsV",FALSE,"End Of The Road",NA,14,"track","spotify:track:24BNgrtp6Fag4M5BQPEgsV","https://open.spotify.com/track/24BNgrtp6Fag4M5BQPEgsV","Goodbye & Good Riddance","C#","minor","C# minor","rap"
"Juice WRLD","4MCBfE4596Uoi2O4DtmEMz","6tkjU4Umpo79wwkgPMV3nZ","album","2018-12-10",2018,"day",0.794,0.459,7,-7.404,1,0.0941,0.208,7.17e-06,0.12,0.266,149.033,"17Cs25j5Ui6X6W4Hk1kAyC","https://api.spotify.com/v1/audio-analysis/17Cs25j5Ui6X6W4Hk1kAyC",4,1,187006,TRUE,"https://api.spotify.com/v1/tracks/17Cs25j5Ui6X6W4Hk1kAyC",FALSE,"Long Gone",NA,15,"track","spotify:track:17Cs25j5Ui6X6W4Hk1kAyC","https://open.spotify.com/track/17Cs25j5Ui6X6W4Hk1kAyC","Goodbye & Good Riddance","G","major","G major","rap"
"Juice WRLD","4MCBfE4596Uoi2O4DtmEMz","6tkjU4Umpo79wwkgPMV3nZ","album","2018-12-10",2018,"day",0.637,0.476,1,-18.382,1,0.544,0.786,4.27e-06,0.939,0.262,91.872,"1p7DC2sFe7aJdO1RZdO3tC","https://api.spotify.com/v1/audio-analysis/1p7DC2sFe7aJdO1RZdO3tC",5,1,64194,TRUE,"https://api.spotify.com/v1/tracks/1p7DC2sFe7aJdO1RZdO3tC",FALSE,"Betrayal - Skit",NA,16,"track","spotify:track:1p7DC2sFe7aJdO1RZdO3tC","https://open.spotify.com/track/1p7DC2sFe7aJdO1RZdO3tC","Goodbye & Good Riddance","C#","major","C# major","rap"
"Juice WRLD","4MCBfE4596Uoi2O4DtmEMz","6tkjU4Umpo79wwkgPMV3nZ","album","2018-12-10",2018,"day",0.652,0.218,2,-18.186,1,0.206,0.933,5.11e-05,0.591,0.688,114.424,"4TlZtoFcV9fKSxs3RVy9Td","https://api.spotify.com/v1/audio-analysis/4TlZtoFcV9fKSxs3RVy9Td",4,1,74590,TRUE,"https://api.spotify.com/v1/tracks/4TlZtoFcV9fKSxs3RVy9Td",FALSE,"Karma - Skit",NA,17,"track","spotify:track:4TlZtoFcV9fKSxs3RVy9Td","https://open.spotify.com/track/4TlZtoFcV9fKSxs3RVy9Td","Goodbye & Good Riddance","D","major","D major","rap"
"Juice WRLD","4MCBfE4596Uoi2O4DtmEMz","6P9PZjWXoCRF5b66BafPKY","album","2018-10-19",2018,"day",0.81,0.458,4,-7.495,0,0.105,0.266,0,0.174,0.493,125.049,"2OsDoAzo5SGq10qwmKSQBv","https://api.spotify.com/v1/audio-analysis/2OsDoAzo5SGq10qwmKSQBv",4,1,271066,TRUE,"https://api.spotify.com/v1/tracks/2OsDoAzo5SGq10qwmKSQBv",FALSE,"Jet Lag (feat. Young Scooter)","https://p.scdn.co/mp3-preview/70fb1fb143de492d47d3dd03bc2f2ff70d1fa538?cid=c22575ce003a46ba95e4590c10b3acb1",1,"track","spotify:track:2OsDoAzo5SGq10qwmKSQBv","https://open.spotify.com/track/2OsDoAzo5SGq10qwmKSQBv","Future & Juice WRLD Present... WRLD ON DRUGS","E","minor","E minor","rap"
"Juice WRLD","4MCBfE4596Uoi2O4DtmEMz","6P9PZjWXoCRF5b66BafPKY","album","2018-10-19",2018,"day",0.732,0.586,1,-7.868,1,0.232,0.0402,2.66e-06,0.121,0.73,76.48,"2vs5ubqg8QUbfyWZpMfvWe","https://api.spotify.com/v1/audio-analysis/2vs5ubqg8QUbfyWZpMfvWe",4,1,169920,TRUE,"https://api.spotify.com/v1/tracks/2vs5ubqg8QUbfyWZpMfvWe",FALSE,"Astronauts","https://p.scdn.co/mp3-preview/56983cb7807c4c1f3fb74d930718f31ad9f86fe2?cid=c22575ce003a46ba95e4590c10b3acb1",2,"track","spotify:track:2vs5ubqg8QUbfyWZpMfvWe","https://open.spotify.com/track/2vs5ubqg8QUbfyWZpMfvWe","Future & Juice WRLD Present... WRLD ON DRUGS","C#","major","C# major","rap"
"Juice WRLD","4MCBfE4596Uoi2O4DtmEMz","6P9PZjWXoCRF5b66BafPKY","album","2018-10-19",2018,"day",0.656,0.542,7,-7.358,1,0.323,0.0484,0,0.126,0.551,166.111,"5274I4mUMnYczyeXkGDWZN","https://api.spotify.com/v1/audio-analysis/5274I4mUMnYczyeXkGDWZN",4,1,141586,TRUE,"https://api.spotify.com/v1/tracks/5274I4mUMnYczyeXkGDWZN",FALSE,"Fine China","https://p.scdn.co/mp3-preview/c068b4ce494bfd5db193c38d4e911296de3b43fc?cid=c22575ce003a46ba95e4590c10b3acb1",3,"track","spotify:track:5274I4mUMnYczyeXkGDWZN","https://open.spotify.com/track/5274I4mUMnYczyeXkGDWZN","Future & Juice WRLD Present... WRLD ON DRUGS","G","major","G major","rap"
"Juice WRLD","4MCBfE4596Uoi2O4DtmEMz","6P9PZjWXoCRF5b66BafPKY","album","2018-10-19",2018,"day",0.903,0.609,10,-7.555,0,0.237,0.0301,1.61e-05,0.179,0.268,149.991,"3fFBZvG777xoKyvcrBq7lc","https://api.spotify.com/v1/audio-analysis/3fFBZvG777xoKyvcrBq7lc",4,1,207866,TRUE,"https://api.spotify.com/v1/tracks/3fFBZvG777xoKyvcrBq7lc",FALSE,"Red Bentley (feat. Young Thug)","https://p.scdn.co/mp3-preview/44e46c6d99c2f9d716e64e2715f967506af5d8d0?cid=c22575ce003a46ba95e4590c10b3acb1",4,"track","spotify:track:3fFBZvG777xoKyvcrBq7lc","https://open.spotify.com/track/3fFBZvG777xoKyvcrBq7lc","Future & Juice WRLD Present... WRLD ON DRUGS","A#","minor","A# minor","rap"
"Juice WRLD","4MCBfE4596Uoi2O4DtmEMz","6P9PZjWXoCRF5b66BafPKY","album","2018-10-19",2018,"day",0.75,0.387,1,-10.123,0,0.487,0.122,0,0.0993,0.739,143.019,"2EhJijFUs0WUmNClDBpYJq","https://api.spotify.com/v1/audio-analysis/2EhJijFUs0WUmNClDBpYJq",4,1,102560,TRUE,"https://api.spotify.com/v1/tracks/2EhJijFUs0WUmNClDBpYJq",FALSE,"Make It Back","https://p.scdn.co/mp3-preview/5e8fef5bf8a2f9035943d9bb99652d218e950251?cid=c22575ce003a46ba95e4590c10b3acb1",5,"track","spotify:track:2EhJijFUs0WUmNClDBpYJq","https://open.spotify.com/track/2EhJijFUs0WUmNClDBpYJq","Future & Juice WRLD Present... WRLD ON DRUGS","C#","minor","C# minor","rap"
"Juice WRLD","4MCBfE4596Uoi2O4DtmEMz","6P9PZjWXoCRF5b66BafPKY","album","2018-10-19",2018,"day",0.811,0.526,8,-7.003,1,0.161,0.00779,0.0642,0.13,0.248,149.954,"0nWMTq3fBceV1uZlhFn6of","https://api.spotify.com/v1/audio-analysis/0nWMTq3fBceV1uZlhFn6of",4,1,180080,TRUE,"https://api.spotify.com/v1/tracks/0nWMTq3fBceV1uZlhFn6of",FALSE,"Oxy (feat. Lil Wayne)","https://p.scdn.co/mp3-preview/a15920ce0ccf983b39ddec60a4bfbde2f21c63ec?cid=c22575ce003a46ba95e4590c10b3acb1",6,"track","spotify:track:0nWMTq3fBceV1uZlhFn6of","https://open.spotify.com/track/0nWMTq3fBceV1uZlhFn6of","Future & Juice WRLD Present... WRLD ON DRUGS","G#","major","G# major","rap"
"Juice WRLD","4MCBfE4596Uoi2O4DtmEMz","6P9PZjWXoCRF5b66BafPKY","album","2018-10-19",2018,"day",0.951,0.401,0,-8.92,0,0.411,0.0185,0,0.149,0.539,129.976,"1hHe7cirScEJWgAS0JFqTL","https://api.spotify.com/v1/audio-analysis/1hHe7cirScEJWgAS0JFqTL",4,1,192906,TRUE,"https://api.spotify.com/v1/tracks/1hHe7cirScEJWgAS0JFqTL",FALSE,"7 Am Freestyle","https://p.scdn.co/mp3-preview/a41080534c9990ea041ebf35e6a040b80dd3a842?cid=c22575ce003a46ba95e4590c10b3acb1",7,"track","spotify:track:1hHe7cirScEJWgAS0JFqTL","https://open.spotify.com/track/1hHe7cirScEJWgAS0JFqTL","Future & Juice WRLD Present... WRLD ON DRUGS","C","minor","C minor","rap"
"Juice WRLD","4MCBfE4596Uoi2O4DtmEMz","6P9PZjWXoCRF5b66BafPKY","album","2018-10-19",2018,"day",0.456,0.516,8,-10.512,1,0.459,0.098,0,0.115,0.684,77.058,"3thLnNvO9IctWoccbsZyJV","https://api.spotify.com/v1/audio-analysis/3thLnNvO9IctWoccbsZyJV",4,1,151013,TRUE,"https://api.spotify.com/v1/tracks/3thLnNvO9IctWoccbsZyJV",FALSE,"Different (feat. Yung Bans)","https://p.scdn.co/mp3-preview/4e2d59ed3d9e4882d221b73b2c26d7c48ace0198?cid=c22575ce003a46ba95e4590c10b3acb1",8,"track","spotify:track:3thLnNvO9IctWoccbsZyJV","https://open.spotify.com/track/3thLnNvO9IctWoccbsZyJV","Future & Juice WRLD Present... WRLD ON DRUGS","G#","major","G# major","rap"
"Juice WRLD","4MCBfE4596Uoi2O4DtmEMz","6P9PZjWXoCRF5b66BafPKY","album","2018-10-19",2018,"day",0.795,0.386,10,-10.638,1,0.18,0.245,0,0.0973,0.619,131.971,"5ExHDzOoOhC4xZGPh9zyQZ","https://api.spotify.com/v1/audio-analysis/5ExHDzOoOhC4xZGPh9zyQZ",4,1,121000,TRUE,"https://api.spotify.com/v1/tracks/5ExHDzOoOhC4xZGPh9zyQZ",FALSE,"Shorty","https://p.scdn.co/mp3-preview/ec18cf292cb66945a2c92a603de4dcb36548ae06?cid=c22575ce003a46ba95e4590c10b3acb1",9,"track","spotify:track:5ExHDzOoOhC4xZGPh9zyQZ","https://open.spotify.com/track/5ExHDzOoOhC4xZGPh9zyQZ","Future & Juice WRLD Present... WRLD ON DRUGS","A#","major","A# major","rap"
"Juice WRLD","4MCBfE4596Uoi2O4DtmEMz","6P9PZjWXoCRF5b66BafPKY","album","2018-10-19",2018,"day",0.73,0.465,1,-6.29,1,0.278,0.0117,0,0.28,0.367,148.028,"4VMiNOpnjRwSCwmHaUfOMM","https://api.spotify.com/v1/audio-analysis/4VMiNOpnjRwSCwmHaUfOMM",4,1,170920,TRUE,"https://api.spotify.com/v1/tracks/4VMiNOpnjRwSCwmHaUfOMM",FALSE,"Realer N Realer","https://p.scdn.co/mp3-preview/0176de228b290cb5cd23afd708434df5735668b4?cid=c22575ce003a46ba95e4590c10b3acb1",10,"track","spotify:track:4VMiNOpnjRwSCwmHaUfOMM","https://open.spotify.com/track/4VMiNOpnjRwSCwmHaUfOMM","Future & Juice WRLD Present... WRLD ON DRUGS","C#","major","C# major","rap"
"Juice WRLD","4MCBfE4596Uoi2O4DtmEMz","6P9PZjWXoCRF5b66BafPKY","album","2018-10-19",2018,"day",0.818,0.443,5,-11.444,0,0.404,0.114,0,0.412,0.722,74.491,"7L95O7D34EWhwtDCQkwGMR","https://api.spotify.com/v1/audio-analysis/7L95O7D34EWhwtDCQkwGMR",4,1,184960,TRUE,"https://api.spotify.com/v1/tracks/7L95O7D34EWhwtDCQkwGMR",FALSE,"No Issue","https://p.scdn.co/mp3-preview/f695be7c4df2be130b986c6a538471fec979a14a?cid=c22575ce003a46ba95e4590c10b3acb1",11,"track","spotify:track:7L95O7D34EWhwtDCQkwGMR","https://open.spotify.com/track/7L95O7D34EWhwtDCQkwGMR","Future & Juice WRLD Present... WRLD ON DRUGS","F","minor","F minor","rap"
"Juice WRLD","4MCBfE4596Uoi2O4DtmEMz","6P9PZjWXoCRF5b66BafPKY","album","2018-10-19",2018,"day",0.819,0.719,1,-8.084,1,0.168,0.0172,1.11e-05,0.107,0.575,149.97,"3xBHLZwRfi0fjO9euaj5zf","https://api.spotify.com/v1/audio-analysis/3xBHLZwRfi0fjO9euaj5zf",4,1,217000,TRUE,"https://api.spotify.com/v1/tracks/3xBHLZwRfi0fjO9euaj5zf",FALSE,"WRLD On Drugs","https://p.scdn.co/mp3-preview/7d7a60be180f7d8121f003e949fe268918df74de?cid=c22575ce003a46ba95e4590c10b3acb1",12,"track","spotify:track:3xBHLZwRfi0fjO9euaj5zf","https://open.spotify.com/track/3xBHLZwRfi0fjO9euaj5zf","Future & Juice WRLD Present... WRLD ON DRUGS","C#","major","C# major","rap"
"Juice WRLD","4MCBfE4596Uoi2O4DtmEMz","6P9PZjWXoCRF5b66BafPKY","album","2018-10-19",2018,"day",0.577,0.488,11,-8.252,1,0.418,0.0895,1.1e-05,0.103,0.115,108.238,"4hEbkVAl2qRs8vZy03tsDi","https://api.spotify.com/v1/audio-analysis/4hEbkVAl2qRs8vZy03tsDi",5,1,214253,TRUE,"https://api.spotify.com/v1/tracks/4hEbkVAl2qRs8vZy03tsDi",FALSE,"Afterlife","https://p.scdn.co/mp3-preview/bbe01593fe055b0aeb029a6c9f23381c8a81f1b6?cid=c22575ce003a46ba95e4590c10b3acb1",13,"track","spotify:track:4hEbkVAl2qRs8vZy03tsDi","https://open.spotify.com/track/4hEbkVAl2qRs8vZy03tsDi","Future & Juice WRLD Present... WRLD ON DRUGS","B","major","B major","rap"
"Juice WRLD","4MCBfE4596Uoi2O4DtmEMz","6P9PZjWXoCRF5b66BafPKY","album","2018-10-19",2018,"day",0.755,0.503,0,-8.06,1,0.206,0.0492,0,0.226,0.524,142.011,"0JR7iZZ6Ql79sXW3rbiS3F","https://api.spotify.com/v1/audio-analysis/0JR7iZZ6Ql79sXW3rbiS3F",4,1,230533,TRUE,"https://api.spotify.com/v1/tracks/0JR7iZZ6Ql79sXW3rbiS3F",FALSE,"Ain't Livin Right (feat. Gunna)","https://p.scdn.co/mp3-preview/da8816d05b81af496352b960b1f95bc5874625a4?cid=c22575ce003a46ba95e4590c10b3acb1",14,"track","spotify:track:0JR7iZZ6Ql79sXW3rbiS3F","https://open.spotify.com/track/0JR7iZZ6Ql79sXW3rbiS3F","Future & Juice WRLD Present... WRLD ON DRUGS","C","major","C major","rap"
"Juice WRLD","4MCBfE4596Uoi2O4DtmEMz","6P9PZjWXoCRF5b66BafPKY","album","2018-10-19",2018,"day",0.753,0.616,2,-7.34,1,0.165,0.00151,7.1e-06,0.291,0.287,156.83,"2MfcvcvWSUkstTDZXYIakq","https://api.spotify.com/v1/audio-analysis/2MfcvcvWSUkstTDZXYIakq",4,1,196333,TRUE,"https://api.spotify.com/v1/tracks/2MfcvcvWSUkstTDZXYIakq",FALSE,"Transformer (feat. Nicki Minaj)","https://p.scdn.co/mp3-preview/d1395e841cae87a4030bf4b8364db8b471899ae9?cid=c22575ce003a46ba95e4590c10b3acb1",15,"track","spotify:track:2MfcvcvWSUkstTDZXYIakq","https://open.spotify.com/track/2MfcvcvWSUkstTDZXYIakq","Future & Juice WRLD Present... WRLD ON DRUGS","D","major","D major","rap"
"Juice WRLD","4MCBfE4596Uoi2O4DtmEMz","6P9PZjWXoCRF5b66BafPKY","album","2018-10-19",2018,"day",0.736,0.482,4,-8.242,1,0.196,0.327,0,0.229,0.608,140.064,"6gzIcEUuswJQGfJNPYMjjv","https://api.spotify.com/v1/audio-analysis/6gzIcEUuswJQGfJNPYMjjv",4,1,224506,TRUE,"https://api.spotify.com/v1/tracks/6gzIcEUuswJQGfJNPYMjjv",FALSE,"Hard Work Pays Off","https://p.scdn.co/mp3-preview/9eb589be3634967925cd74d2ad1e544cfd7a6c5c?cid=c22575ce003a46ba95e4590c10b3acb1",16,"track","spotify:track:6gzIcEUuswJQGfJNPYMjjv","https://open.spotify.com/track/6gzIcEUuswJQGfJNPYMjjv","Future & Juice WRLD Present... WRLD ON DRUGS","E","major","E major","rap"
"Juice WRLD","4MCBfE4596Uoi2O4DtmEMz","1uCLzanq1xy3eX2zyM4Sr0","album","2018-10-19",2018,"day",0.828,0.452,4,-7.636,0,0.134,0.262,0,0.167,0.487,125.058,"7L2FjoNQcwOZMMUuxw74me","https://api.spotify.com/v1/audio-analysis/7L2FjoNQcwOZMMUuxw74me",4,1,271066,FALSE,"https://api.spotify.com/v1/tracks/7L2FjoNQcwOZMMUuxw74me",FALSE,"Jet Lag (feat. Young Scooter)","https://p.scdn.co/mp3-preview/e8621db703d0b45a7d2d0c3fbad41bb64941c292?cid=c22575ce003a46ba95e4590c10b3acb1",1,"track","spotify:track:7L2FjoNQcwOZMMUuxw74me","https://open.spotify.com/track/7L2FjoNQcwOZMMUuxw74me","Future & Juice WRLD Present... WRLD ON DRUGS","E","minor","E minor","rap"
"Juice WRLD","4MCBfE4596Uoi2O4DtmEMz","1uCLzanq1xy3eX2zyM4Sr0","album","2018-10-19",2018,"day",0.702,0.594,1,-8.009,1,0.236,0.0327,2.75e-05,0.131,0.634,77.204,"1T6r6RLOnEPZvkZOe2GSe0","https://api.spotify.com/v1/audio-analysis/1T6r6RLOnEPZvkZOe2GSe0",4,1,169920,FALSE,"https://api.spotify.com/v1/tracks/1T6r6RLOnEPZvkZOe2GSe0",FALSE,"Astronauts","https://p.scdn.co/mp3-preview/b5beea9309d4ccd60779deaed2b9637e3090d243?cid=c22575ce003a46ba95e4590c10b3acb1",2,"track","spotify:track:1T6r6RLOnEPZvkZOe2GSe0","https://open.spotify.com/track/1T6r6RLOnEPZvkZOe2GSe0","Future & Juice WRLD Present... WRLD ON DRUGS","C#","major","C# major","rap"
"Juice WRLD","4MCBfE4596Uoi2O4DtmEMz","1uCLzanq1xy3eX2zyM4Sr0","album","2018-10-19",2018,"day",0.679,0.555,7,-7.525,1,0.249,0.0546,0,0.14,0.575,166.017,"1r6x9UHdeDv2xfPz6WU5NH","https://api.spotify.com/v1/audio-analysis/1r6x9UHdeDv2xfPz6WU5NH",4,1,141586,FALSE,"https://api.spotify.com/v1/tracks/1r6x9UHdeDv2xfPz6WU5NH",FALSE,"Fine China","https://p.scdn.co/mp3-preview/64b71bb8d2d0fe10ef187994da31d808f6af5fe9?cid=c22575ce003a46ba95e4590c10b3acb1",3,"track","spotify:track:1r6x9UHdeDv2xfPz6WU5NH","https://open.spotify.com/track/1r6x9UHdeDv2xfPz6WU5NH","Future & Juice WRLD Present... WRLD ON DRUGS","G","major","G major","rap"
"Juice WRLD","4MCBfE4596Uoi2O4DtmEMz","1uCLzanq1xy3eX2zyM4Sr0","album","2018-10-19",2018,"day",0.901,0.592,10,-7.734,0,0.239,0.0401,3.56e-05,0.114,0.233,150.012,"38A8w0FNtDJ37wBOUy2x9y","https://api.spotify.com/v1/audio-analysis/38A8w0FNtDJ37wBOUy2x9y",4,1,207866,FALSE,"https://api.spotify.com/v1/tracks/38A8w0FNtDJ37wBOUy2x9y",FALSE,"Red Bentley (feat. Young Thug)","https://p.scdn.co/mp3-preview/97c3bb079f984c0e7be2c56687ea6b7079985678?cid=c22575ce003a46ba95e4590c10b3acb1",4,"track","spotify:track:38A8w0FNtDJ37wBOUy2x9y","https://open.spotify.com/track/38A8w0FNtDJ37wBOUy2x9y","Future & Juice WRLD Present... WRLD ON DRUGS","A#","minor","A# minor","rap"
"Juice WRLD","4MCBfE4596Uoi2O4DtmEMz","1uCLzanq1xy3eX2zyM4Sr0","album","2018-10-19",2018,"day",0.753,0.355,1,-10.47,0,0.45,0.16,0,0.072,0.558,71.37,"1Wam0ra5qjQgqSrYwGYfU9","https://api.spotify.com/v1/audio-analysis/1Wam0ra5qjQgqSrYwGYfU9",4,1,102560,FALSE,"https://api.spotify.com/v1/tracks/1Wam0ra5qjQgqSrYwGYfU9",FALSE,"Make It Back","https://p.scdn.co/mp3-preview/af32e815bd79877de8e83858369f8e26445a72a0?cid=c22575ce003a46ba95e4590c10b3acb1",5,"track","spotify:track:1Wam0ra5qjQgqSrYwGYfU9","https://open.spotify.com/track/1Wam0ra5qjQgqSrYwGYfU9","Future & Juice WRLD Present... WRLD ON DRUGS","C#","minor","C# minor","rap"
"Juice WRLD","4MCBfE4596Uoi2O4DtmEMz","1uCLzanq1xy3eX2zyM4Sr0","album","2018-10-19",2018,"day",0.804,0.519,8,-7.229,1,0.106,0.00673,0.46,0.122,0.245,149.91,"1lfDHeVB821idpRUGMeBB3","https://api.spotify.com/v1/audio-analysis/1lfDHeVB821idpRUGMeBB3",4,1,179226,FALSE,"https://api.spotify.com/v1/tracks/1lfDHeVB821idpRUGMeBB3",FALSE,"Oxy (feat. Lil Wayne)","https://p.scdn.co/mp3-preview/9a686473be3acbcd80e675f833f518d1447da76d?cid=c22575ce003a46ba95e4590c10b3acb1",6,"track","spotify:track:1lfDHeVB821idpRUGMeBB3","https://open.spotify.com/track/1lfDHeVB821idpRUGMeBB3","Future & Juice WRLD Present... WRLD ON DRUGS","G#","major","G# major","rap"
"Juice WRLD","4MCBfE4596Uoi2O4DtmEMz","1uCLzanq1xy3eX2zyM4Sr0","album","2018-10-19",2018,"day",0.958,0.389,0,-9.036,0,0.401,0.0206,0,0.114,0.453,129.935,"6b8ZT3u6XqWTF590Pe3yBH","https://api.spotify.com/v1/audio-analysis/6b8ZT3u6XqWTF590Pe3yBH",4,1,192906,FALSE,"https://api.spotify.com/v1/tracks/6b8ZT3u6XqWTF590Pe3yBH",FALSE,"7 Am Freestyle","https://p.scdn.co/mp3-preview/7cccd4b14921415c540f9220659fb4f102b55cf5?cid=c22575ce003a46ba95e4590c10b3acb1",7,"track","spotify:track:6b8ZT3u6XqWTF590Pe3yBH","https://open.spotify.com/track/6b8ZT3u6XqWTF590Pe3yBH","Future & Juice WRLD Present... WRLD ON DRUGS","C","minor","C minor","rap"
"Juice WRLD","4MCBfE4596Uoi2O4DtmEMz","1uCLzanq1xy3eX2zyM4Sr0","album","2018-10-19",2018,"day",0.699,0.569,8,-8.923,1,0.389,0.11,3.68e-06,0.1,0.682,77.08,"2PTfsQp7SXFVv20OsNTKEN","https://api.spotify.com/v1/audio-analysis/2PTfsQp7SXFVv20OsNTKEN",4,1,151013,FALSE,"https://api.spotify.com/v1/tracks/2PTfsQp7SXFVv20OsNTKEN",FALSE,"Different (feat. Yung Bans)","https://p.scdn.co/mp3-preview/cdaacef540bd838e7a9ae91440c1cd0c5118649f?cid=c22575ce003a46ba95e4590c10b3acb1",8,"track","spotify:track:2PTfsQp7SXFVv20OsNTKEN","https://open.spotify.com/track/2PTfsQp7SXFVv20OsNTKEN","Future & Juice WRLD Present... WRLD ON DRUGS","G#","major","G# major","rap"
"Juice WRLD","4MCBfE4596Uoi2O4DtmEMz","1uCLzanq1xy3eX2zyM4Sr0","album","2018-10-19",2018,"day",0.811,0.429,10,-9.912,1,0.213,0.249,0,0.146,0.606,132,"1WUUuvOOkTa5TMeH7WtQ3s","https://api.spotify.com/v1/audio-analysis/1WUUuvOOkTa5TMeH7WtQ3s",4,1,121000,FALSE,"https://api.spotify.com/v1/tracks/1WUUuvOOkTa5TMeH7WtQ3s",FALSE,"Shorty","https://p.scdn.co/mp3-preview/6de88a2423e1d1f8f5048ab32b6d7617eb58f369?cid=c22575ce003a46ba95e4590c10b3acb1",9,"track","spotify:track:1WUUuvOOkTa5TMeH7WtQ3s","https://open.spotify.com/track/1WUUuvOOkTa5TMeH7WtQ3s","Future & Juice WRLD Present... WRLD ON DRUGS","A#","major","A# major","rap"
"Juice WRLD","4MCBfE4596Uoi2O4DtmEMz","1uCLzanq1xy3eX2zyM4Sr0","album","2018-10-19",2018,"day",0.753,0.465,1,-6.125,1,0.261,0.0109,0,0.337,0.33,148.031,"3OetD1UCU19wH8rkNBVweW","https://api.spotify.com/v1/audio-analysis/3OetD1UCU19wH8rkNBVweW",4,1,170920,FALSE,"https://api.spotify.com/v1/tracks/3OetD1UCU19wH8rkNBVweW",FALSE,"Realer N Realer","https://p.scdn.co/mp3-preview/4e03539ff8521ecafbde13c26037d2cb340fc3a4?cid=c22575ce003a46ba95e4590c10b3acb1",10,"track","spotify:track:3OetD1UCU19wH8rkNBVweW","https://open.spotify.com/track/3OetD1UCU19wH8rkNBVweW","Future & Juice WRLD Present... WRLD ON DRUGS","C#","major","C# major","rap"
"Juice WRLD","4MCBfE4596Uoi2O4DtmEMz","1uCLzanq1xy3eX2zyM4Sr0","album","2018-10-19",2018,"day",0.787,0.444,5,-11.524,0,0.444,0.106,0,0.605,0.767,74.483,"36SCrzvQe7ltpiQGdbFhCX","https://api.spotify.com/v1/audio-analysis/36SCrzvQe7ltpiQGdbFhCX",4,1,184960,FALSE,"https://api.spotify.com/v1/tracks/36SCrzvQe7ltpiQGdbFhCX",FALSE,"No Issue","https://p.scdn.co/mp3-preview/4e81bb5b42e55cc09498068b1c5fe303fd1ea4f8?cid=c22575ce003a46ba95e4590c10b3acb1",11,"track","spotify:track:36SCrzvQe7ltpiQGdbFhCX","https://open.spotify.com/track/36SCrzvQe7ltpiQGdbFhCX","Future & Juice WRLD Present... WRLD ON DRUGS","F","minor","F minor","rap"
"Juice WRLD","4MCBfE4596Uoi2O4DtmEMz","1uCLzanq1xy3eX2zyM4Sr0","album","2018-10-19",2018,"day",0.844,0.767,1,-8.264,1,0.198,0.0223,0.00018,0.0891,0.538,150.089,"7ntWI6il0nrqHpVI66KpZU","https://api.spotify.com/v1/audio-analysis/7ntWI6il0nrqHpVI66KpZU",4,1,217000,FALSE,"https://api.spotify.com/v1/tracks/7ntWI6il0nrqHpVI66KpZU",FALSE,"WRLD On Drugs","https://p.scdn.co/mp3-preview/787f63b8ab0a2828e44425d51a503791d56fa36e?cid=c22575ce003a46ba95e4590c10b3acb1",12,"track","spotify:track:7ntWI6il0nrqHpVI66KpZU","https://open.spotify.com/track/7ntWI6il0nrqHpVI66KpZU","Future & Juice WRLD Present... WRLD ON DRUGS","C#","major","C# major","rap"
"Juice WRLD","4MCBfE4596Uoi2O4DtmEMz","1uCLzanq1xy3eX2zyM4Sr0","album","2018-10-19",2018,"day",0.77,0.497,11,-8.337,1,0.316,0.0669,1.83e-05,0.104,0.116,108.024,"2M1Gsk5dM4lIdRCiG522zk","https://api.spotify.com/v1/audio-analysis/2M1Gsk5dM4lIdRCiG522zk",5,1,214253,FALSE,"https://api.spotify.com/v1/tracks/2M1Gsk5dM4lIdRCiG522zk",FALSE,"Afterlife","https://p.scdn.co/mp3-preview/da00b1b7a71c20cbf7b38cebc523adf4e0966a51?cid=c22575ce003a46ba95e4590c10b3acb1",13,"track","spotify:track:2M1Gsk5dM4lIdRCiG522zk","https://open.spotify.com/track/2M1Gsk5dM4lIdRCiG522zk","Future & Juice WRLD Present... WRLD ON DRUGS","B","major","B major","rap"
"Juice WRLD","4MCBfE4596Uoi2O4DtmEMz","1uCLzanq1xy3eX2zyM4Sr0","album","2018-10-19",2018,"day",0.759,0.519,0,-8.139,1,0.217,0.0491,0,0.17,0.514,142.041,"4zxGrNechQ9aS2j8gdKVxV","https://api.spotify.com/v1/audio-analysis/4zxGrNechQ9aS2j8gdKVxV",4,1,230533,FALSE,"https://api.spotify.com/v1/tracks/4zxGrNechQ9aS2j8gdKVxV",FALSE,"Ain't Livin Right (feat. Gunna)","https://p.scdn.co/mp3-preview/3f884aa9b0acb852c586b6ba2ea81ea16a88e19c?cid=c22575ce003a46ba95e4590c10b3acb1",14,"track","spotify:track:4zxGrNechQ9aS2j8gdKVxV","https://open.spotify.com/track/4zxGrNechQ9aS2j8gdKVxV","Future & Juice WRLD Present... WRLD ON DRUGS","C","major","C major","rap"
"Juice WRLD","4MCBfE4596Uoi2O4DtmEMz","1uCLzanq1xy3eX2zyM4Sr0","album","2018-10-19",2018,"day",0.752,0.618,2,-7.337,1,0.163,0.00202,2.7e-06,0.333,0.245,156.978,"6MGZOHgISafHWrgAU4RZ1L","https://api.spotify.com/v1/audio-analysis/6MGZOHgISafHWrgAU4RZ1L",4,1,196333,FALSE,"https://api.spotify.com/v1/tracks/6MGZOHgISafHWrgAU4RZ1L",FALSE,"Transformer (feat. Nicki Minaj)","https://p.scdn.co/mp3-preview/91cd284f0fc487068305bce8441d27eefa8e4bfe?cid=c22575ce003a46ba95e4590c10b3acb1",15,"track","spotify:track:6MGZOHgISafHWrgAU4RZ1L","https://open.spotify.com/track/6MGZOHgISafHWrgAU4RZ1L","Future & Juice WRLD Present... WRLD ON DRUGS","D","major","D major","rap"
"Juice WRLD","4MCBfE4596Uoi2O4DtmEMz","1uCLzanq1xy3eX2zyM4Sr0","album","2018-10-19",2018,"day",0.742,0.473,4,-8.338,1,0.228,0.315,0,0.195,0.683,140.048,"5vHG0W078ETI0nvlO9UwpM","https://api.spotify.com/v1/audio-analysis/5vHG0W078ETI0nvlO9UwpM",4,1,225333,FALSE,"https://api.spotify.com/v1/tracks/5vHG0W078ETI0nvlO9UwpM",FALSE,"Hard Work Pays Off","https://p.scdn.co/mp3-preview/ce5bbe54507ea95967e468dcd248d6faabca0f1c?cid=c22575ce003a46ba95e4590c10b3acb1",16,"track","spotify:track:5vHG0W078ETI0nvlO9UwpM","https://open.spotify.com/track/5vHG0W078ETI0nvlO9UwpM","Future & Juice WRLD Present... WRLD ON DRUGS","E","major","E major","rap"
